solvent ID,smiles,EA_0-1,protic
zinc_1345620175,C[C@H](N[C@@H]1CCCC[C@H]1F)[C@@H](C)O,-5.118748541,TRUE
zinc_644654185,CC[C@@H](O)CNCC(C)(F)F,-4.700915608,TRUE
zinc_156549661,C[C@H](O)CN1CCC[C@H]1C,-5.431978031,TRUE
zinc_44415169,CC[C@@H](C)N(CCO)CCOC,-4.815562676,TRUE
zinc_213379948,CC1(C)CO[C@@H](CO)C1,-5.748523208,TRUE
zinc_34301001,O[C@@H]1C[N@]2CC[C@@H]1C2,-4.754757001,TRUE
zinc_307146552,CCO[C@H](CO)C1CC1,-4.801062516,TRUE
zinc_116909085,CC(=O)N(C)[C@H](C)CO,-4.405582174,TRUE
zinc_379350015,CC(C)N(CCO)CCCCCF,-5.541016885,TRUE
zinc_34759600,CCC(O)(CC)CNC,-5.395071018,TRUE
zinc_307196786,CN(CC(F)F)[C@@H]1C[C@@H](O)C1,-4.780279463,TRUE
zinc_233714974,CCO[C@H]1C[C@H](CO)C1,-5.432316112,TRUE
zinc_38000088,C[C@H]1CCCN1CCO,-5.420806707,TRUE
zinc_379354012,CCN(CCC(F)(F)F)[C@H](C)CO,-5.573841818,TRUE
zinc_307177934,C[C@H](O)CN1CCC[C@@H]1C(F)F,-5.314601826,TRUE
zinc_62462863,OCCCOCC1CC1,-4.424967585,TRUE
zinc_379321797,CC(C)[C@@H](C)N(C)C(=O)[C@@H](C)O,-4.069886906,TRUE
zinc_388250681,OC[C@@H](NCC(F)F)C1CCCC1,-5.610296377,TRUE
zinc_1473475099,C[C@H](O)CN(CC(F)F)C[C@H](C)O,-4.815928023,TRUE
zinc_72275950,C[C@H](O)[C@@H]1CCOC1,-4.439655726,TRUE
zinc_5599779,CN(CCO)C1CCCCC1,-5.653501426,TRUE
zinc_388391071,C=C[C@H](CO)N[C@H](CC)CCC,-3.726026721,TRUE
zinc_1251972923,C[C@H](O)CN[C@@H](C1CC1)C(F)(F)F,-4.798551563,TRUE
zinc_631668138,CCC[C@@H](CCO)N[C@@H](C)CC,-5.577241351,TRUE
zinc_70595520,C=CCCN1CC(O)C1,-4.064248139,TRUE
zinc_69049532,OCC[C@H]1CCCO1,-5.442351896,TRUE
zinc_1733915,C=C[C@H](O)CN(C)C,-3.627198512,TRUE
zinc_307942072,C[C@H](O)CN[C@H]1C[C@H](C(F)F)C1,-4.257989496,TRUE
zinc_220197161,C=CCN(CCO)[C@@H](C)CC,-3.930101045,TRUE
zinc_83218657,CCCC[C@@H](C)NC[C@@H](C)CO,-5.472146495,TRUE
zinc_308140885,CC(C)CC[C@@H](O)CN1C[C@H](F)C1,-4.865508676,TRUE
zinc_114483735,N[C@@H]1C[C@H]1O,-4.618775438,TRUE
zinc_232637805,CC(C)COCCN(C)C[C@@H](C)O,-5.578433552,TRUE
zinc_397829094,CC(=CCCNC[C@H](C)O)C,-4.234581683,TRUE
zinc_23804166,C=CCN(CCO)C1CC1,-3.646316945,TRUE
zinc_307964665,C=C(C)CNC[C@H](O)CC(F)(F)F,-4.004605944,TRUE
zinc_306478280,C[C@H](O)CNCCC(F)F,-4.290687635,TRUE
zinc_308132696,CN(CCCCF)CC(C)(C)O,-5.622080412,TRUE
zinc_649254349,C=CCCCCN(CCO)C(C)C,-4.018866122,TRUE
zinc_122849812,CCCC[C@@H](C)N[C@@H](C)CCO,-5.559618174,TRUE
zinc_1654086,CCOCCCCC(C)(C)O,-5.703350539,TRUE
zinc_122122089,C[C@@H](NCCO)C1CCC1,-5.302425527,TRUE
zinc_652019930,CC[C@H](C)[C@@H](C)N[C@@H](CO)CCF,-5.362187322,TRUE
zinc_15635672,C[C@@H](CO)N1CCCC[C@@H]1C,-4.765681042,TRUE
zinc_87362599,CC[C@@H](CCO)CNC(C)C,-4.308557772,TRUE
zinc_379153454,CCOCCN(C)[C@H](CC)CO,-4.776724226,TRUE
zinc_648754900,C=CCC[C@H](CC)N[C@@H](CC)[C@H](C)O,-4.050329221,TRUE
zinc_307878827,C=C[C@H](CO)N[C@@H](C)C1CC1,-3.735031101,TRUE
zinc_4886739,CN(C)CC(O)CN(C)C,-5.464502495,TRUE
zinc_83428619,CN1CC(CCO)C1,-4.855633822,TRUE
zinc_2509151,CCCCCCNC[C@@H](C)O,-4.568504775,TRUE
zinc_1565877,CCCC[N]1([O])CCOCC1,-5.890831177,FALSE
zinc_1640816,C=CCOC(=O)OCCO,-2.021911577,TRUE
zinc_62463053,OCCCOC1CCC1,-4.969531362,TRUE
zinc_159033790,CC(C)OCCN[C@H](C)[C@@H](C)O,-4.374501747,TRUE
zinc_95635072,CN(C)C[C@H](O)CO,-4.595463434,TRUE
zinc_1335987528,C[C@@H](O)CN[C@@H]1C[C@H]1C(F)(F)F,-4.700432305,TRUE
zinc_87501069,COC[C@@H](CO)C1CC1,-5.364646114,TRUE
zinc_644664024,C=C(CC)CNC[C@@H](O)CCC(C)C,-4.016662454,TRUE
zinc_11892475,CC(C)N1CC[C@H](CO)C1,-4.862387652,TRUE
zinc_39212281,CC1(O)CCOCC1,-4.872246367,TRUE
zinc_88026816,O[C@H]1CCN(CCCF)C1,-4.798706835,TRUE
zinc_11638226,CC(=O)N(C)CCO,-4.351165252,TRUE
zinc_4283944,CCCOCCO,-4.428506226,TRUE
zinc_49800130,C=CCN(CCO)CCCC,-3.892136168,TRUE
zinc_126277090,CSCCN(C)C[C@H](C)O,-5.28786119,TRUE
zinc_660126521,CC(=CCCN(C)[C@H](C)CO)C,-4.24761229,TRUE
zinc_74942206,N[C@@H](CO)CF,-4.766623347,TRUE
zinc_133757598,C[C@H](CO)N(C)CC1CC1,-5.586338819,TRUE
zinc_698558351,CCC[C@H](C)NC[C@@](C)(O)C(F)F,-4.106490137,TRUE
zinc_688757893,C[C@H](NCCCC(F)F)[C@@H](C)O,-5.408354916,TRUE
zinc_308304690,C[C@@H]1C[C@H](N[C@@H](CO)CC(F)F)C1,-4.627116616,TRUE
zinc_86234006,CN(CCC(C)(C)O)CC(F)(F)F,-4.949633872,TRUE
zinc_70916129,OC[C@H]1CCCN1CCC(F)(F)F,-4.809945894,TRUE
zinc_379316214,CC(C)[C@@H](O)C(=O)N(C)C(C)C,-3.921876638,TRUE
zinc_1326527097,CC(C)CCN[C@@H](CO)CCF,-4.181598964,TRUE
zinc_157225368,CN(CCO)CC(F)(F)C(F)F,-4.754830124,TRUE
zinc_82680440,O[C@@H](CNC1CC1)C(F)(F)F,-4.261214385,TRUE
zinc_5498152,CCC(CC)N[C@H](C)CO,-5.526319476,TRUE
zinc_388743344,C/C=C\C[C@H](CO)NCCC(C)C,-4.232396093,TRUE
zinc_393545587,CCN(CCCCCF)[C@H](C)CO,-5.582604922,TRUE
zinc_34925166,C[C@@H](CO)N1CCOCC1,-4.75378681,TRUE
zinc_97048995,CCO[C@H]1C[C@@H]1CO,-4.813294075,TRUE
zinc_5925700,CC[C@H](CO)NC,-4.802054989,TRUE
zinc_34556904,CN1CCC(CCO)CC1,-5.183464885,TRUE
zinc_639937133,C[C@@H]1CCN(CC(F)F)[C@H](CO)C1,-5.378869973,TRUE
zinc_217876279,CCC[C@H]1C[C@@H](O)CN1C(C)C,-5.563190062,TRUE
zinc_132214672,CO[C@H](C)[C@H](C)NCCO,-5.544856533,TRUE
zinc_50403410,CCC[C@@H](CC)NC[C@@H](O)CC,-5.667698369,TRUE
zinc_1682062,OCCN1CCCCCC1,-5.657045644,TRUE
zinc_1681819,OCCN1CC1,-4.778371144,TRUE
zinc_44122828,CCCCN(C=O)CCO,-4.281440149,TRUE
zinc_662165877,C=CCCCN[C@H](C=C)CO,-3.808325882,TRUE
zinc_5514220,CCCCOCO,-5.692416771,TRUE
zinc_138995782,C[C@@H]1[C@H](CO)CCN1C,-4.355095293,TRUE
zinc_164007457,CO[C@@H](C)[C@H](C)N[C@@H](C)C[C@H](C)O,-5.313326667,TRUE
zinc_235549491,C[C@H](O)CN(C)[C@H](C)CO,-5.524538274,TRUE
zinc_87689934,CN(CCF)CC(C)(C)O,-5.754343275,TRUE
zinc_50103713,CC(C)N(CCO)CC(F)F,-4.818637735,TRUE
zinc_697609987,C[C@H](O)[C@@H](C)NCC(C)(F)F,-4.785907318,TRUE
zinc_409424471,OCCN1CCC[C@@H](F)C1,-4.619386694,TRUE
zinc_306195622,OC[C@@H](NCCF)C1CC1,-5.550263105,TRUE
zinc_70558599,COC[C@H](O)CNCC(C)C,-5.166798481,TRUE
zinc_308641424,C=C[C@H](CO)N[C@H](C)CCC=C(C)C,-3.809552274,TRUE
zinc_930603256,CC[C@H](CO)N1CC[C@H](F)C1,-4.116864918,TRUE
zinc_85508501,CO[C@@H]1C[C@@H](O)C1(C)C,-4.492122137,TRUE
zinc_82764614,C[C@@H](CO)CC1CCOCC1,-4.814551424,TRUE
zinc_307407944,C[C@@H]1CN(C[C@@H](O)CF)C[C@H]1C,-4.345631374,TRUE
zinc_166791890,CC(C)[C@H](N[C@H](C)CO)C1CC1,-5.301941227,TRUE
zinc_334953472,C=C(C)CN1CCCC[C@H]1[C@@H](C)O,-3.999216023,TRUE
zinc_650181812,C=CCCN(CC(F)F)C[C@@H](C)O,-3.998446665,TRUE
zinc_395048,CC[C@](C)(O)CC(C)(C)OC,-5.782742441,TRUE
zinc_397108528,CC[C@H](CN(C)CCCO)OC,-5.617123546,TRUE
zinc_32228566,O[C@@H](CN1CCCC1)C(F)(F)F,-4.512172097,TRUE
zinc_306468110,CC[C@H](F)CN1CC[C@H](O)C1,-5.105795556,TRUE
zinc_307079957,C[C@@H]1CCN(C[C@@H](O)CF)C[C@@H]1C,-4.71329247,TRUE
zinc_3622806,OCCCN1CCCC1,-5.410333988,TRUE
zinc_117630521,OCCN1CCC(F)(F)C1,-4.815571567,TRUE
zinc_405092868,C[C@@H](O)[C@H](C)N1CCCC(F)(F)C1,-5.748743413,TRUE
zinc_2242635,OC1CCC1,-4.686345855,TRUE
zinc_307936692,CCN(CCO)CCCCF,-4.813008883,TRUE
zinc_44116065,CCN(CC)[C@@H](C)[C@H](C)O,-4.804153067,TRUE
zinc_33506468,COC(C[C@H](C)O)OC,-5.527981266,TRUE
zinc_78456441,C[C@@H]1OC[C@@H]1O,-4.683451314,TRUE
zinc_1640813,C=CCOC(=O)OCCCO,-2.047619973,TRUE
zinc_308548805,C=C[C@H](CO)N[C@H](C)CCCC(C)C,-3.744825395,TRUE
zinc_144147770,C[C@@H](CO)N1CC[C@@H](F)C1,-4.806323273,TRUE
zinc_394780,C[C@H](CO)CCO,-4.797863034,TRUE
zinc_79064795,OCCN1CCC1,-5.527844746,TRUE
zinc_384894249,CC/C=C\CNC[C@@H](O)CC,-4.070135159,TRUE
zinc_685002938,C[C@H](O)CN(CC(F)F)CC1CC1,-5.45423492,TRUE
zinc_5701041,COC(CCCO)OC,-4.561245252,TRUE
zinc_15446041,C[C@H](CN)CO,-5.519536143,TRUE
zinc_4759331,C=C[C@@H](O)CN1C[C@@H]1CC(C)C,-3.71209188,TRUE
zinc_45621996,C[C@H](O)CCCOC(C)(C)C,-5.841957724,TRUE
zinc_107118805,CC(C)N[C@@H](CCO)C1CC1,-5.013099898,TRUE
zinc_43199276,CC1(C)CCO[C@@H]1O,-4.610290224,TRUE
zinc_393342,CCO[C@@H](C)CCO,-5.69646687,TRUE
zinc_1353275122,CC(C)CC[C@@H](O)CNCCF,-4.704798176,TRUE
zinc_307959703,C=CCN(CC=C)C[C@H](O)CC,-3.850239579,TRUE
zinc_307759536,C[C@@H]1CN(CCC(F)(F)F)C[C@H]1O,-4.777545934,TRUE
zinc_336255736,OCCN1CCC(CF)CC1,-4.463047347,TRUE
zinc_229978956,C=C(C)CNC[C@H](O)CC,-4.023755631,TRUE
zinc_168743635,C=CCCNC[C@@H](O)CC,-3.970577063,TRUE
zinc_307418565,OCCN1CCC[C@@H]1C(F)F,-5.438845884,TRUE
zinc_82416090,CN(CCCCO)CCC(F)(F)F,-4.851940528,TRUE
zinc_652016135,CC(C)CN[C@@H](CO)CCF,-5.377521449,TRUE
zinc_238238950,CCCCCCN(C)[C@@H](CC)CO,-5.645801762,TRUE
zinc_145682557,C=CCN(CC=C)CC[C@H](C)O,-3.896471028,TRUE
zinc_388513462,CCCCCN(CC)[C@H](C)CO,-5.554008748,TRUE
zinc_388488444,C=CCCCCN[C@@H](C)[C@H](C)O,-4.008744551,TRUE
zinc_36951001,COC[C@H](O)CNC(C)C,-5.426405544,TRUE
zinc_306326885,C[C@@H]1CCCN(CC(F)F)[C@@H]1CO,-4.798466584,TRUE
zinc_307584089,CC(C)[C@H](O)CN1[C@@H](C)C[C@@H]1C,-5.391178508,TRUE
zinc_238171699,CC1(C)OCC[C@H]1CO,-5.565609113,TRUE
zinc_124813132,OC[C@H]1CCCCCN1CCF,-5.436352848,TRUE
zinc_393238,C[C@@H](O)[C@H](C)CO,-4.488903175,TRUE
zinc_161522180,CC[C@@H](C)CNCC[C@H](O)CC,-5.366438982,TRUE
zinc_35881834,C[C@@H](O)[C@H]1CO1,-4.770610265,TRUE
zinc_308255243,C[C@@H](O)CN(CC(F)F)[C@H](C)CO,-5.515873646,TRUE
zinc_2042249,C=C[C@H](CO)N(CC)CC,-3.688503872,TRUE
zinc_1880633616,C[C@@H](N1CC[C@@H](O)C1)C(F)(F)F,-4.995774199,TRUE
zinc_307040834,C[C@H]1[C@H](O)CCCN1CC(F)F,-4.569760616,TRUE
zinc_395694610,CC[C@@H](NCC1CC1)[C@@H](C)O,-4.684373869,TRUE
zinc_307614593,O[C@H](CF)CN1CCCCCC1,-5.500952394,TRUE
zinc_34925163,C[C@H](CO)N1CCCC1,-5.099001905,TRUE
zinc_391249,CN1CCC[C@@H]1CO,-4.783947592,TRUE
zinc_104566441,NC[C@H](O)CF,-4.573722989,TRUE
zinc_6036002,COC(C)(OC)[C@@H](C)O,-4.863323382,TRUE
zinc_217875246,CC[C@H]1C[C@@H](O)CN1CCF,-4.850494821,TRUE
zinc_12403768,OCCCCN1CCCC1,-5.427835032,TRUE
zinc_637831695,CC[C@H](C)[C@@H](CN(C)CCO)OC,-5.953712864,TRUE
zinc_83215465,CCC[C@@H](C)NC[C@@H](C)CO,-5.500756841,TRUE
zinc_2044804,CC[C@H](CO)NC(C)C,-5.530393527,TRUE
zinc_42319024,COC[C@@H](C)N(C)CCO,-4.083123061,TRUE
zinc_10152100,CC1CCN(CCO)CC1,-4.844418904,TRUE
zinc_5523461,CCCC(CCC)NC[C@H](C)O,-5.608109737,TRUE
zinc_902992119,CC[C@H](CO)N1CCC[C@@H](F)C1,-4.680553082,TRUE
zinc_37689584,CCN[C@@H]1CCC[C@H]1O,-5.314722611,TRUE
zinc_662167951,C=C[C@H](CO)NCC(=C)C,-3.975130162,TRUE
zinc_49800471,CCCCN(CC=C(C)C)CCO,-4.220922819,TRUE
zinc_689387500,CC(C)[C@H](O)CN1CC[C@H](F)CC1,-5.418289395,TRUE
zinc_82764620,C[C@@H](CO)C[C@H]1CCOC1,-4.286710444,TRUE
zinc_224704999,CCC[C@@H](CCO)CNC(C)C,-5.390947606,TRUE
zinc_37688394,CC[C@H](O)CN[C@@H](C)COC,-4.271370228,TRUE
zinc_19092411,CCN[C@@H](C)CO,-4.800254468,TRUE
zinc_306489077,CC[C@H](CO)N(C)CCF,-4.774075163,TRUE
zinc_650187084,C=CCN1CC[C@@H](O)[C@H]1C,-3.707143447,TRUE
zinc_75517668,N[C@H](CO)CS,-3.737192334,TRUE
zinc_37926069,C[C@@H](O)CN(C)CC1CC1,-5.430283801,TRUE
zinc_1648979,CN1CC[C@@H](CO)C1,-4.778467465,TRUE
zinc_379369052,OC[C@@H](CC(F)F)NC1CCCC1,-5.134281668,TRUE
zinc_934025980,OC[C@@H]1CCN1CCCF,-4.892353797,TRUE
zinc_104585255,CO[C@@H](C)[C@H](N)CO,-6.175559872,TRUE
zinc_1669844,CCCN[C@H](C)[C@@H](C)O,-4.306399018,TRUE
zinc_306691824,C[C@@H]1C[C@H](O)CN(CCF)C1,-4.357450139,TRUE
zinc_307756245,C[C@@H](CO)N[C@H](C)C1CCC1,-4.775726041,TRUE
zinc_711445545,CC[C@@H](O)CN1CCC[C@H](CF)C1,-4.58489927,TRUE
zinc_167005572,CC[C@@H](CO)NC[C@H](C)OC,-4.343911198,TRUE
zinc_39422962,C[C@@H](O)CNC=O,-4.303179679,TRUE
zinc_307197543,C=CCN(C)[C@@H]1CCC[C@H]1O,-3.876907227,TRUE
zinc_661153930,OC[C@H](NCC(F)F)C1CCC1,-5.238896777,TRUE
zinc_307722542,CO[C@H]1CN(C[C@@H](O)CF)C1,-4.719761971,TRUE
zinc_1759050,C[C@H](N)[C@@H](C)O,-4.642426466,TRUE
zinc_34411879,C[C@@H]1C[C@@H](O)CCN1C,-4.139050166,TRUE
zinc_388677110,C[C@@H](O)CCN(C)CCCCCF,-5.677668817,TRUE
zinc_698557401,C[C@H]1CCN1C[C@@](C)(O)C(F)F,-5.060823343,TRUE
zinc_1335464960,C[C@@H](O)[C@H](C)N[C@H]1CCC[C@H](F)C1,-5.475914906,TRUE
zinc_1761526,CC(C)(CO)NC=O,-4.192287604,TRUE
zinc_159130812,C=CCCCN(C)[C@H](C)CO,-4.005256106,TRUE
zinc_39078034,O[C@@H]1CCN(CCF)C1,-4.79269709,TRUE
zinc_39223823,N[C@@H]1CC[C@H]1O,-4.761541061,TRUE
zinc_934011331,C=CCCN1CC[C@@H]1CO,-4.016535956,TRUE
zinc_37688302,CC[C@H](O)CNC1CC1,-4.838295971,TRUE
zinc_49805253,CC(C)OCCCN(C)CCO,-5.474346607,TRUE
zinc_386892613,CC[C@@H](N[C@H](C)[C@@H](C)OC)[C@H](C)O,-4.854559658,TRUE
zinc_379231651,CC(C)N[C@H](CO)CC(F)F,-4.777652116,TRUE
zinc_70963527,CC[C@@]1(O)CCOC1,-4.589421007,TRUE
zinc_19092121,CCN[C@H](C)CCO,-4.852383337,TRUE
zinc_409422097,OCCN1CC(F)(F)C1,-4.772065969,TRUE
zinc_166478539,CC(=CCC[C@H](C)NCCO)C,-4.256264363,TRUE
zinc_49801996,C=CCN(CCO)C(C)C,-3.903603623,TRUE
zinc_397702919,CC[C@@H](O)CNCCC=C(C)C,-4.257387159,TRUE
zinc_87978912,CCOCCN(C)C[C@H](O)C(C)C,-4.715784106,TRUE
zinc_35601650,CC(C)CC[C@H](C)NC[C@@H](C)O,-5.38546069,TRUE
zinc_85057403,C=C(CC)CN[C@@H](CC)CO,-3.968329693,TRUE
zinc_1602306,CC(C)N[C@H]1CCCC[C@@H]1O,-4.350319215,TRUE
zinc_122788582,CC[C@@H](O)CN(C)CC(F)F,-5.404961983,TRUE
zinc_82875478,OCCN1CC[C@@H](C(F)(F)F)C1,-4.42938772,TRUE
zinc_307720623,C[C@@H]1CC[C@@H]1NC[C@H](O)CF,-5.344558325,TRUE
zinc_606247939,C[C@H](O)CN1CC[C@H](F)CC1,-5.397507258,TRUE
zinc_168958033,C=C(C)CCNC[C@@H](C)O,-4.074000941,TRUE
zinc_226277563,CC[C@H](C)N(C)[C@@H]1CCC[C@H]1O,-4.997897793,TRUE
zinc_50113531,CC(=CCN1CCC[C@@H]1CO)C,-4.215118514,TRUE
zinc_128410893,C=CCCN(C)CC[C@@H](C)O,-3.9777612,TRUE
zinc_2025033,O[C@H]1COC[C@H]1O,-4.439505115,TRUE
zinc_5239504,CC(C)(N)O,-4.864591132,TRUE
zinc_238375561,CO[C@@](C)(CO)C1CC1,-4.723388958,TRUE
zinc_88026785,O[C@@H]1CCCN(CCCF)C1,-4.849106852,TRUE
zinc_308129088,OCCN(CCCCF)CC(F)F,-4.784055175,TRUE
zinc_70591601,C=CCCCNC[C@@H](C)O,-4.000698966,TRUE
zinc_68910530,COC[C@H](O)C1CC1,-5.543537942,TRUE
zinc_4722619,C=C[C@@H](O)CN1C[C@@H]1C,-3.72898113,TRUE
zinc_15442161,C[C@H]1CCCCN1C[C@@H](C)O,-5.593976352,TRUE
zinc_392016,CC(C)[C@@H](N)CO,-4.807186149,TRUE
zinc_388637505,C[C@@H]1CC[C@@H]1N[C@H](CO)CC(F)F,-4.765500955,TRUE
zinc_395030691,CC(C)CN[C@@H](C)CC(C)(C)O,-4.942727059,TRUE
zinc_306432689,C[C@H]1C[C@@H](O)CN1CCCF,-5.347553741,TRUE
zinc_104618000,CO[C@H](C)CNC[C@@H](C)O,-5.340886102,TRUE
zinc_642862278,CCN(CC)[C@@H]1CC[C@H]1O,-4.789838303,TRUE
zinc_2037589,COCCCCCO,-6.247356406,TRUE
zinc_252760534,C[C@H](O)C[C@H](C)N[C@H](C)C1CC1,-5.45497491,TRUE
zinc_308060341,C[C@H](O)CCN(CC(F)F)C1CC1,-4.883993436,TRUE
zinc_404448,CN1CC[C@H](O)C1,-4.595193816,TRUE
zinc_167555080,C=C(C)CN[C@H](C)[C@@H](C)O,-3.99752543,TRUE
zinc_35603137,CC(C)[C@@H](C)N[C@@H](C)CO,-4.794940284,TRUE
zinc_69371632,CCCC[C@@H](CC)N[C@@H](C)CO,-4.686953527,TRUE
zinc_306487967,C[C@@H](O)[C@@H](C)N1CCCCCCCC1,-5.579245103,TRUE
zinc_661766530,C[C@H](O)[C@H]1CCCN1CC(F)F,-5.388113498,TRUE
zinc_156782923,CCC[C@H](C)N[C@H](CC)CCO,-5.536108166,TRUE
zinc_656503071,C=CCN(CCOC)C[C@@H](C)O,-3.875572309,TRUE
zinc_124836135,OC[C@H]1CCCCCN1CC(F)F,-5.784293793,TRUE
zinc_393825143,C=CC[C@H](CC)N[C@H](C)[C@H](C)O,-3.914281728,TRUE
zinc_37755880,OCCNCC(F)F,-4.385811774,TRUE
zinc_131831646,CC(=CCC[C@@H](C)NC[C@@H](C)O)C,-4.302865146,TRUE
zinc_307572332,O[C@H]1CCN(CCCCF)C1,-4.806636162,TRUE
zinc_1529437,OCCCO,-4.837873074,TRUE
zinc_306568271,CCN(C)[C@@H]1C[C@@H](O)C1,-4.809374298,TRUE
zinc_37693689,CC[C@@H](O)CN1CCCC[C@@H]1C,-5.09010713,TRUE
zinc_308120825,C[C@@H](O)[C@H](C)O[C@H](C)CC(C)(C)C,-5.743275358,TRUE
zinc_87689901,OC[C@H]1CCCN1CCF,-4.522825658,TRUE
zinc_885269423,CC(C)(F)CN1CC[C@H](O)C1,-5.091841154,TRUE
zinc_388123161,CC(C)N[C@@H](CO)CC1CC1,-4.491088199,TRUE
zinc_44193004,CCOCC[C@H](C)O,-4.82201302,TRUE
zinc_122058687,CN(CCO)C1CCC1,-5.367415451,TRUE
zinc_307137797,CNC(C)(C)[C@@H](O)C(F)F,-4.523819828,TRUE
zinc_308155923,CC(C)[C@H](CC(F)(F)F)NCCO,-4.679390087,TRUE
zinc_395703413,CC[C@@H](N[C@H](C)COC)[C@H](C)O,-5.225538327,TRUE
zinc_158272226,CCC(CC)N[C@@H](C)CCO,-5.580860551,TRUE
zinc_308267213,C[C@@H]1CC[C@H]1NC[C@@H](O)C(F)(F)F,-4.421280705,TRUE
zinc_689454756,CCC[C@@H](O)CN1CC[C@H](F)CC1,-5.364686367,TRUE
zinc_35603244,C[C@H](CO)N[C@H](C)C1CC1,-4.757638717,TRUE
zinc_306646054,CC[C@H](NC(C)C)[C@@H](C)O,-4.820875244,TRUE
zinc_122275901,CN(CC(F)F)C[C@H](O)CO,-4.719581237,TRUE
zinc_224696553,CCC[C@H](CC)N[C@H](C)CO,-5.591323463,TRUE
zinc_642838608,C[C@@H]1CCCN1C[C@](C)(O)C(F)F,-5.506086895,TRUE
zinc_307572636,C[C@H]1C[C@@H](O)CN1CC(F)F,-5.328285774,TRUE
zinc_66054516,C[C@@H]1COC[C@@H]1CO,-4.808412406,TRUE
zinc_689377161,C[C@@H](O)[C@H](C)N1CCC[C@H](F)C1,-5.37575194,TRUE
zinc_83890294,C[C@@H](O)[C@@H](C)N(C)CCC(F)(F)F,-4.705176752,TRUE
zinc_5768299,CCC(=O)OC[C@@H](C)O,-4.006550609,TRUE
zinc_307369029,CC[C@@H](C)[C@H](C)N1C[C@@H](O)[C@H](C)C1,-4.76736296,TRUE
zinc_2044155,O=C1OC[C@@H](CO)O1,-4.636869876,TRUE
zinc_167461093,CC(C)O[C@H](CO)CCO,-5.573144398,TRUE
zinc_55027510,CNC[C@H](O)C1CC1,-4.301251826,TRUE
zinc_5736100,C[C@H]1OCC[C@@H]1O,-5.349585378,TRUE
zinc_306223340,CC[C@H]1CN(CC)C[C@H]1O,-4.817760821,TRUE
zinc_13546131,CCCN1CCC(O)CC1,-4.97855937,TRUE
zinc_1598473,CC[C@H](C)[C@H](C)O,-4.39276835,TRUE
zinc_650187929,C[C@@H]1[C@H](O)CCN1CCC(F)(F)F,-3.812759488,TRUE
zinc_45619109,CC(C)N(C)CCCC[C@H](C)O,-5.849959824,TRUE
zinc_35116661,CCOCCNC[C@@H](C)O,-4.262165554,TRUE
zinc_644625335,CC[C@H](CC(F)(F)F)NC[C@@H](C)O,-4.897807034,TRUE
zinc_388747430,CC[C@H](C)N[C@H](CC)C[C@H](C)CO,-4.833456388,TRUE
zinc_2039437,CCOC[C@@H](C)O,-4.805311563,TRUE
zinc_87586247,CNC[C@H](O)C1CCC1,-4.867559281,TRUE
zinc_38292314,CO[C@@H]1COC[C@H]1O,-4.795044688,TRUE
zinc_307486249,C=C(C)CN1C[C@@H](O)[C@H](C)C1,-4.058640734,TRUE
zinc_34616878,CC(C)NCC[C@H](C)O,-4.355906305,TRUE
zinc_307702933,C[C@H](O)CN1CCCC[C@@H]1C(F)F,-5.545292713,TRUE
zinc_379394837,CC(C)[C@@H](F)C(=O)N(C)[C@H](C)CO,-2.961969382,TRUE
zinc_1262166693,C[C@@H](O)[C@H](C)N1C[C@H](C(F)(F)F)C1,-5.588032187,TRUE
zinc_82680699,CCCNC[C@H](O)C(F)(F)F,-4.322532785,TRUE
zinc_306477426,C[C@@H](O)CN1CC[C@H](C(F)(F)F)C1,-4.823028313,TRUE
zinc_231344495,CC[C@H](C)CN(CCO)CC(F)F,-4.974441509,TRUE
zinc_44129482,C[C@@H](O)CCN(C)C1CC1,-5.10851486,TRUE
zinc_659880265,CC(=CCCN1CC[C@@H](O)C1)C,-4.287029664,TRUE
zinc_5134452,O[C@H]1CCCO1,-4.603314599,TRUE
zinc_220339840,C[C@H](CO)N1CCC1,-4.854622301,TRUE
zinc_19785890,C[C@H]1CCCCN1CCO,-4.814509042,TRUE
zinc_1119246075,CCC[C@H](CN(C)C[C@H](C)O)OC,-5.071495952,TRUE
zinc_308139457,C=C[C@H](CO)NC[C@@H](C)CC(C)C,-3.71917692,TRUE
zinc_38115780,CC(C)C[C@H](CO)NC(C)C,-5.442337051,TRUE
zinc_642848549,C[C@H](O)CN1CC[C@H](CF)C1,-5.791605666,TRUE
zinc_88026788,OCCN(CCCF)C1CC1,-5.732186371,TRUE
zinc_44231746,OCCOCC1CC1,-5.910137861,TRUE
zinc_26476037,CNCCCO,-4.326345544,TRUE
zinc_201029718,CC[C@@H]1C[C@H](O)CN1CC,-4.589365181,TRUE
zinc_886164345,C=CCCN(C)C[C@](C)(O)C(F)F,-4.082925758,TRUE
zinc_48694511,COC[C@@H](C)NCCCO,-4.377974781,TRUE
zinc_1734094,CN1CCCCCC[C@@H]1CO,-5.528988477,TRUE
zinc_306925165,C=CCN1C[C@@H](C)[C@@H](O)C1,-3.922219407,TRUE
zinc_1346179230,C=C(C)CNC[C@H](O)CCC(C)C,-3.992466638,TRUE
zinc_308172406,C=CC[C@H](C)[C@@H](C)N[C@@H](CC)CO,-4.001340155,TRUE
zinc_131852363,C[C@@H](O)CN[C@H](C)C1CCC1,-4.920011627,TRUE
zinc_306449326,C=C[C@H](CO)NCC(C)C,-3.63811765,TRUE
zinc_34768892,CCCC[C@@H](C)N[C@@H](CC)CO,-4.778667921,TRUE
zinc_80479376,C=CCN(CC=C)CCCCO,-3.837272046,TRUE
zinc_307950687,O[C@@H](CNCCF)CC(F)(F)F,-4.580839956,TRUE
zinc_409440819,OCCN1CCC[C@@H](CF)C1,-4.242992589,TRUE
zinc_87586254,CC(C)NC[C@@H](O)C1CCC1,-4.734366373,TRUE
zinc_306483896,C=CCN(CC)[C@H](C)CO,-3.655611689,TRUE
zinc_50114104,CCCN1CCC[C@H]1CO,-4.825182514,TRUE
zinc_307316147,C[C@@H]1C[C@H]1NC[C@@H](O)CF,-4.091003648,TRUE
zinc_2019576,CC[C@@H](O)CN,-4.5788136,TRUE
zinc_41049679,CC(C)[C@@H](CO)NCC1CC1,-5.279614394,TRUE
zinc_934025258,CC(C)CN1CC[C@H]1CO,-4.391248576,TRUE
zinc_1716840,CCCCCNCCO,-4.243147673,TRUE
zinc_49800313,C=C(C)CN(CCO)CCCC,-3.748731619,TRUE
zinc_131840057,CO[C@@H](C)[C@H](C)NC[C@@H](C)O,-5.42036926,TRUE
zinc_45619003,C[C@H](O)CCCN1CCCC1,-5.418192427,TRUE
zinc_215633517,C[C@@H]1CCCN([C@H](C)CO)C1,-5.625459793,TRUE
zinc_308257008,CC(C)C[C@H](CO)N(C)CC(F)F,-5.357927337,TRUE
zinc_115027447,C[C@H](O)C1(C)COC1,-4.797882379,TRUE
zinc_2567875,CCN1CCC(O)CC1,-4.828987217,TRUE
zinc_2171775,CNC[C@H](C)O,-4.743535617,TRUE
zinc_2509901,COCC(C)(C)O,-4.857351519,TRUE
zinc_1717258,CCC(CC)NCC(C)(C)O,-4.913196825,TRUE
zinc_1656255,O=CNCCO,-4.276737436,TRUE
zinc_70591588,C=CCCN[C@@H](CC)CO,-3.965312966,TRUE
zinc_308055913,CC[C@H](C[C@H](C)CO)NC(C)C,-4.780571552,TRUE
zinc_142555967,CC(C)NCCCCCCO,-4.35261845,TRUE
zinc_1712878,CNC(=O)CO,-4.186948551,TRUE
zinc_307946120,C[C@@H](O)[C@H](C)N[C@@H](C)C(F)(F)F,-4.094523644,TRUE
zinc_144070613,CC[C@H](O)CN1CCC1,-4.890286298,TRUE
zinc_388581823,CC(C)[C@H](O)C(=O)N(C)CC(F)F,-3.981002955,TRUE
zinc_1577206,CCCCOC[C@@H](C)O,-4.814972489,TRUE
zinc_379253109,OCCCCN(CC(F)F)C1CC1,-5.519860267,TRUE
zinc_1620613469,OC[C@H]1CCN1CCF,-4.944836885,TRUE
zinc_84988677,CCN1CC(CO)C1,-4.822974777,TRUE
zinc_652019314,CCCC[C@@H](C)N[C@H](CO)CCF,-4.894779098,TRUE
zinc_144952855,CO[C@H]1C[C@H]1CO,-4.99600607,TRUE
zinc_649395580,C=CCCCCN(C)[C@H](C)CO,-4.019432356,TRUE
zinc_2038502,C=C[C@@H](O)CN1CC1,-3.75842881,TRUE
zinc_17703464,CN(CC(F)F)C(C)(C)CO,-4.705621339,TRUE
zinc_23803764,OCCN(CCF)C1CC1,-5.385929067,TRUE
zinc_306299709,CCN1CCC[C@@H]1[C@@H](O)C(F)(F)F,-5.461522653,TRUE
zinc_659833109,CC[C@@H](CC(F)F)CN(C)CCO,-4.805882027,TRUE
zinc_592976782,C=CCN(C[C@H](C)O)C(C)C,-3.994902017,TRUE
zinc_82680066,CN(C)C[C@@H](O)C(F)(F)F,-4.526449196,TRUE
zinc_12370815,OCCC1CCOCC1,-4.447145451,TRUE
zinc_19092468,C[C@H](CCO)N1CCCC1,-5.442914897,TRUE
zinc_33649236,CC[C@@H](O)OC,-4.662263173,TRUE
zinc_2044535,CC[C@H](C)NCCCCCO,-4.424461758,TRUE
zinc_379419740,CC[C@H](NC(C)C)[C@@H](O)C(F)(F)F,-4.331166052,TRUE
zinc_50106305,CCCN(CCO)CC(F)F,-4.797964798,TRUE
zinc_68576981,N[C@H](CO)C(F)(F)F,-4.650790922,TRUE
zinc_79927399,C[C@@H](O)[C@]1(C)CCCO1,-5.78691039,TRUE
zinc_397060722,CC[C@H](CN(C)[C@H](CC)CO)OC,-5.44660873,TRUE
zinc_832205352,C[C@@H](O)CN(CCF)CC(F)F,-5.333693828,TRUE
zinc_49633341,CCCCCCN(C)CCO,-6.29817377,TRUE
zinc_122162154,C=CC[C@H](C)NC[C@@H](O)CC,-4.030075463,TRUE
zinc_166622498,C[C@@H]1C[C@H](NC[C@@H](O)C(F)(F)F)C1,-4.389613594,TRUE
zinc_162603354,CC[C@H](CO)N[C@H](C)[C@H](C)OC,-5.501313161,TRUE
zinc_158872837,COCCCCN(C)[C@H](C)CO,-5.496293167,TRUE
zinc_1593269,C[C@@H](CO)N1CCCCCC1,-5.652171115,TRUE
zinc_34365143,OCCCC[C@H]1CCCO1,-5.485664017,TRUE
zinc_394406649,CC[C@H](C)CCN[C@H](C)CCO,-4.842081355,TRUE
zinc_49754391,C=C(C)CN(CC)CCO,-4.040314048,TRUE
zinc_308388640,C/C=C\C[C@H](CO)N[C@@H](C)CCC,-4.244710448,TRUE
zinc_5821187,CCCCN(CO)CCCC,-5.545353874,TRUE
zinc_158859828,C=C(C)CN(C)[C@H](C)CO,-3.970790398,TRUE
zinc_336260690,C[C@@H](O)CN1CC[C@@H](CF)CC1,-4.205409683,TRUE
zinc_61481812,C[C@@H]([C@@H](C)O)N(C)CC1CCC1,-5.474537256,TRUE
zinc_12382263,CC(C)CN1CCC(CO)CC1,-5.433342694,TRUE
zinc_728287995,C=CCN(CCCCO)C(C)C,-3.917688267,TRUE
zinc_5350716,CC(C)(O)C(C)(C)OC=O,-4.797209532,TRUE
zinc_1846533,CC(C)(O)CO,-4.789465196,TRUE
zinc_101248881,COCC(CO)COC,-4.410832989,TRUE
zinc_224649015,OC[C@@H]1C[C@@H]1[C@@H]1CCOC1,-4.20449222,TRUE
zinc_39245010,CNCC[C@@H](C)O,-4.673984566,TRUE
zinc_122151873,C[C@@H](CC1CC1)N[C@H](C)CO,-4.346625544,TRUE
zinc_652024520,CC[C@@H](N[C@@H](CO)CCF)C(C)C,-5.347670997,TRUE
zinc_5498153,CCC(CC)N[C@H](CC)CO,-4.774077183,TRUE
zinc_308476576,CC[C@H](O)CN(CC(F)F)C1CC1,-5.420677326,TRUE
zinc_222831137,CN1CCC(F)(F)[C@@H](O)C1,-4.937060541,TRUE
zinc_388515019,C=CCC[C@@H](C)N[C@H](C=C)CO,-3.838410711,TRUE
zinc_1666447,C[C@@H]1O[C@@H]1CO,-4.729670558,TRUE
zinc_96111543,C[C@H]1COCC[C@@H]1CCO,-4.812566155,TRUE
zinc_4744157,C[C@H]1CC[C@H](C)N1C[C@@H](C)O,-5.457777548,TRUE
zinc_82164272,CO[C@@H](CN)CO,-4.730769886,TRUE
zinc_1722213,CC(C)N1CC[C@@H]1CO,-4.715576806,TRUE
zinc_307875793,CC(C)N[C@H](C)CCCCO,-5.606753641,TRUE
zinc_1690437,CCCCOCCO,-4.429985101,TRUE
zinc_40229389,CC(C)CN(C)CCOCCO,-5.815478031,TRUE
zinc_159135902,C=CCCN(C)[C@H](C)CO,-3.974226332,TRUE
zinc_308014829,CC[C@@H](O)CN(C)C[C@H](C)OC,-5.435704276,TRUE
zinc_221428586,C=CCN1CC[C@@H](C)[C@@H](O)C1,-3.908134574,TRUE
zinc_391950,OC1CCOCC1,-4.794476406,TRUE
zinc_1537963538,CC(C)N(C[C@H]1C[C@@H]1CO)C(C)C,-5.778008205,TRUE
zinc_44128792,C[C@@H](O)CCN(C)C1CCCC1,-5.457191942,TRUE
zinc_230892363,CC(C)N[C@H](CCO)C(C)(C)C,-6.056977239,TRUE
zinc_394010,C[C@@H](O)CN1CCCC1,-5.399238885,TRUE
zinc_83890315,C[C@H](O)CCN(C)CCC(F)(F)F,-5.761723152,TRUE
zinc_307482821,C=CCN1C[C@@H](O)C[C@@H](C)C1,-3.720348213,TRUE
zinc_2250342,CCCCO[C@@H](C)CC(C)(C)O,-5.564722607,TRUE
zinc_1296208,CCN1C[C@@H](C)C[C@H](O)C1,-5.669725776,TRUE
zinc_35649845,CN(CCO)C1CCCC1,-5.363851511,TRUE
zinc_5134267,OCC1OCCCO1,-4.354200785,TRUE
zinc_167136320,CO[C@@H](C)CN[C@H](C)CCO,-4.897620777,TRUE
zinc_77260160,CNC(=O)[C@H](O)C(C)C,-4.228814802,TRUE
zinc_96378960,CC[C@H](CO)N1CCCCCC1,-5.677027654,TRUE
zinc_34064912,C[C@@H](O)COC=O,-3.420992458,TRUE
zinc_306366728,C[C@H]1CC[C@H](O)CN1CC(F)F,-4.520305436,TRUE
zinc_850530896,C[C@H](CCO)NCCC(C)(C)F,-5.514348698,TRUE
zinc_163939461,CO[C@H](C)CN(C)CC[C@H](C)O,-4.951778023,TRUE
zinc_63099980,CC[C@@H](O)CNCCC(F)(F)F,-4.714340392,TRUE
zinc_83939869,CN(CCO)CCC1CC1,-5.614648373,TRUE
zinc_307778736,CC[C@@H](O)CNC/C=C\Cl,-2.431185256,TRUE
zinc_5134892,OC[C@@H](O)[C@H]1CO1,-4.745505285,TRUE
zinc_2485569,CC(C)C[C@H](O)CNC(C)(C)C,-4.316367606,TRUE
zinc_378861265,CCN(CC=C(C)C)[C@@H](C)CO,-4.181848968,TRUE
zinc_218809874,CCCC[C@@H](C)N(C)CCO,-4.564122603,TRUE
zinc_50104001,OCCN(CC(F)F)C1CC1,-5.401598796,TRUE
zinc_307489213,C[C@@H]1CC[C@@H](C)N(C[C@@H](O)CF)C1,-5.861983302,TRUE
zinc_698589010,C=C(CC)CNC[C@@](C)(O)C(F)F,-3.998151909,TRUE
zinc_308493444,C=CCC[C@@H](O)CN(C)CC(=C)C,-4.021665662,TRUE
zinc_716738509,CN(CCCF)CCC(C)(C)O,-4.906575366,TRUE
zinc_1717262,CC(C)C[C@@H](C)NC[C@H](C)O,-4.754478437,TRUE
zinc_142366929,CC(C)N[C@H]1C[C@@H](CO)C1,-4.839282031,TRUE
zinc_20188309,CCCCNCCCO,-4.585235196,TRUE
zinc_650187959,C=CCCN1CC[C@@H](O)[C@H]1C,-3.960596323,TRUE
zinc_49805250,CCOCCCN(C)C[C@@H](C)O,-5.46285256,TRUE
zinc_649866234,CC(C)CN(C)[C@H](C)CCO,-5.006652626,TRUE
zinc_128366752,CSCCCN(C)C[C@H](C)O,-5.373932236,TRUE
zinc_650181803,C[C@H](O)CN(CCCF)CC(F)F,-4.842824201,TRUE
zinc_626043996,CCN(C)C[C@H]1C[C@@H](O)C1,-5.382733438,TRUE
zinc_132940554,CC(C)NCC(C)(C)[C@H](O)C(C)C,-5.126548864,TRUE
zinc_49773534,CC(=CCN1CCC[C@H](O)C1)C,-4.130516589,TRUE
zinc_232687387,CC(=CCN[C@H](CO)C(C)C)C,-4.072489735,TRUE
zinc_4343759,C[C@H]1C[C@@H](O)CN(C)C1,-4.294355845,TRUE
zinc_307027022,C=CCN1C[C@H](O)[C@H](CC)C1,-3.910856815,TRUE
zinc_44480645,C[C@H](O)CNC1CCC1,-5.261041449,TRUE
zinc_216885894,C[C@H]1CN([C@H](C)[C@@H](C)O)CCO1,-5.805217919,TRUE
zinc_379233319,CC(C)N(CCCCO)CC(F)F,-5.539525644,TRUE
zinc_168056654,C=C(C)CCN[C@H](CO)C(C)C,-4.069097853,TRUE
zinc_306691037,CC[C@@H](O)CN1C[C@H](F)C1,-4.574060288,TRUE
zinc_379416214,C[C@H](CO)N(CCF)C1CCCC1,-5.44603611,TRUE
zinc_652019692,CCC[C@@H](CC)N[C@@H](CO)CCF,-4.447909474,TRUE
zinc_702573391,C[C@@H](O)[C@@H](C)NCCOCCF,-4.710145662,TRUE
zinc_649245259,C=CCN(CC=C)C[C@H](O)CCC,-3.86149079,TRUE
zinc_388076366,CN(CCF)C[C@@H](O)C1CC1,-4.993811509,TRUE
zinc_307524855,C=CCN1C[C@@H](O)C[C@H]1C,-3.941593449,TRUE
zinc_86121479,CC[C@@H](C)CN[C@H](CO)C(C)C,-5.46449805,TRUE
zinc_126729190,C=CCC[C@H](C)NCCO,-4.059740035,TRUE
zinc_166780243,CC(=CCC[C@H](C)N[C@H](C)CO)C,-4.150759677,TRUE
zinc_49754609,CCN(CCO)CCOC(C)C,-5.447686261,TRUE
zinc_650141534,C=CCN(C)[C@@H](CO)CC(C)(C)C,-3.983843556,TRUE
zinc_49804429,CCNCCCCCO,-4.871742371,TRUE
zinc_307687061,OCCN[C@H]1C[C@H](C(F)F)C1,-4.588900549,TRUE
zinc_649322125,C=CCCCCN(C)C[C@@H](C)O,-3.999962613,TRUE
zinc_389317746,CC[C@H](O)CN[C@@H](C)CCC=C(C)C,-4.24226898,TRUE
zinc_1695045,C[C@@H]1CC[C@@H](C)N1CCO,-4.841035536,TRUE
zinc_306176094,C=CCN(C)[C@H](CC)CO,-3.989411813,TRUE
zinc_231345999,C=C(CC)CN(CCO)CC(F)F,-4.006142881,TRUE
zinc_104618929,CN[C@@H]1CC[C@H]1O,-4.780771927,TRUE
zinc_37755887,C[C@@H](O)CNCC(F)F,-4.719215513,TRUE
zinc_16638891,CCCCNC[C@H](C)O,-4.334658458,TRUE
zinc_87689882,OC[C@H]1CCCCN1CCF,-5.874286205,TRUE
zinc_395756619,C=C(CC)CN[C@@H](C)[C@@H](C)O,-4.037226541,TRUE
zinc_307085232,C[C@H](O)[C@H]1CCCCN1CC(F)F,-5.638680752,TRUE
zinc_34134462,C[C@@H]1C[C@H](O)CN1C,-4.595298678,TRUE
zinc_393825063,C=CC[C@@H](CC)NC[C@H](O)CC,-3.99637782,TRUE
zinc_203091298,CCNC[C@@H](O)CF,-4.635581138,TRUE
zinc_97759103,C[C@H]1COC[C@@]1(C)O,-4.349630093,TRUE
zinc_652019645,CC(C)CCCN[C@@H](CO)CCF,-4.471424574,TRUE
zinc_2159585,CCN(CC)CC[C@H](O)C(F)(F)F,-5.679316812,TRUE
zinc_51837854,C=C(C)CN(C)C[C@@H](C)O,-4.057835865,TRUE
zinc_306948584,C#C[C@@H](C)N(C)C[C@H](C)O,-3.534141845,TRUE
zinc_307949782,CC(C)(C)CN(CCO)CCF,-4.822269167,TRUE
zinc_59234479,C[C@H](O)C[C@H]1CCOC1,-4.825494272,TRUE
zinc_226279203,CN(CC(F)(F)F)[C@@H]1CCC[C@H]1O,-5.097084075,TRUE
zinc_125876700,CN(C)C1(CO)CC1,-5.614127268,TRUE
zinc_159128131,C[C@H](CO)N(C)CCCF,-4.762516371,TRUE
zinc_379577864,C=C[C@H](CO)N[C@@H](CC)[C@@H](C)CCC,-3.880367894,TRUE
zinc_38116557,CC[C@H](C)N[C@H](CO)CC(C)C,-4.924375747,TRUE
zinc_32210940,CO[C@H](C)[C@@H](C)O,-4.810379192,TRUE
zinc_5020049,CCN1CC[C@@H](O)C1,-5.099220628,TRUE
zinc_698586370,C=C(C)CCNC[C@@](C)(O)C(F)F,-4.12231538,TRUE
zinc_378870999,C=C(C)CCN(CC)[C@@H](C)CO,-4.101231185,TRUE
zinc_652019210,C=CCC[C@H](C)N[C@H](CO)CCF,-4.032746054,TRUE
zinc_78730571,CN[C@@H](C)C(C)(C)O,-5.395582935,TRUE
zinc_5194690,CCN1CCC[C@@H]1CO,-3.791547449,TRUE
zinc_34115108,CC[C@@H](O)CNC,-4.716023413,TRUE
zinc_308270631,CC[C@H](CO)N[C@H]1C[C@H](C(F)F)C1,-5.207760417,TRUE
zinc_226657762,CCCCCN(CCO)CC(F)F,-4.776425132,TRUE
zinc_639475780,CCC(F)(F)CN1CC[C@@H](O)C1,-2.898443165,TRUE
zinc_42494191,CC[C@H](O)CN(CC)CCOC,-5.614294719,TRUE
zinc_88026817,OC1CN(CCCF)C1,-4.642765706,TRUE
zinc_689908170,C[C@H](O)[C@@H](C)N1CC[C@@H](F)C1,-5.400112162,TRUE
zinc_50103711,COCCN(CCO)C(C)C,-4.794655631,TRUE
zinc_388149413,CC[C@H](CO)NCCCCF,-4.347452263,TRUE
zinc_49826443,CCCN(CC=C(C)C)CCO,-4.191141341,TRUE
zinc_33646722,C[C@@H](O)N1CCCCC1,-5.54073428,TRUE
zinc_1473371289,CC[C@@H](C)[C@@H](C)N(C)[C@@H]1C[C@@H](O)C1,-5.42400045,TRUE
zinc_382056477,CCC[C@H](C)N[C@@H](CO)CC(F)F,-4.750014574,TRUE
zinc_308043028,CC(C)CC[C@H](O)CN1CCC1,-5.228994226,TRUE
zinc_160383087,CN(CC(F)F)[C@@H]1CCCC[C@@H]1O,-5.242992141,TRUE
zinc_102981579,C[C@H]1[C@H](C)C[C@@H](O)CN1C,-6.143554195,TRUE
zinc_229962617,C=CCC[C@H](C)NC[C@H](O)CC,-4.046400823,TRUE
zinc_50521385,OCCOC1CCC1,-5.394401619,TRUE
zinc_698615302,CO[C@H](C)CNC[C@@](C)(O)C(F)F,-5.618235915,TRUE
zinc_307601653,C[C@H]1[C@H](C)CCN1C[C@@H](O)CF,-4.767571013,TRUE
zinc_150129567,C[C@H]1CC[C@@H](CCO)O1,-5.590567254,TRUE
zinc_39434535,CC(C)[C@H](N)C(C)(C)O,-5.67902475,TRUE
zinc_5532289,C[C@H](O)CC[C@@H](C)C[C@@H]1CCCO1,-5.693388794,TRUE
zinc_644996449,CC(C)[C@H](O)CN1[C@@H](C)CC[C@@H]1C,-5.439606242,TRUE
zinc_108284179,CC(C)[C@H]1CN(C[C@H](C)O)C1,-4.402385387,TRUE
zinc_20188311,CCNCCCO,-4.341352044,TRUE
zinc_258639086,CC(C)NC[C@H](CO)C(C)C,-4.289331001,TRUE
zinc_104633087,CC(C)(F)[C@@H](O)CN,-5.615888991,TRUE
zinc_336262865,C[C@@H](O)CN1CC[C@H](F)C1,-4.806902197,TRUE
zinc_698588162,C=CCNC[C@](C)(O)C(F)F,-3.883410837,TRUE
zinc_306343254,C[C@@H]([C@@H](C)O)N1CCC(F)(F)C1,-3.964799028,TRUE
zinc_144141673,CCC(CC)(CO)OC,-4.741127127,TRUE
zinc_335655403,CCN1[C@@H](C)CCC[C@@H]1CO,-6.022833959,TRUE
zinc_649866036,CCOCCN(C)[C@@H](C)CCO,-5.652086837,TRUE
zinc_929786660,CC[C@H](CO)N1CC[C@@H](C)[C@@H]1C,-4.728955355,TRUE
zinc_307326159,O[C@@H](CF)CN1CCCCCCC1,-5.486354458,TRUE
zinc_50103500,O[C@H]1CCCN(CC(F)F)C1,-4.774137212,TRUE
zinc_44122832,CC(C)N(C=O)CCO,-4.297356568,TRUE
zinc_330225,C[C@H](O)C(=O)N(C)C,-4.012060885,TRUE
zinc_308133453,CC(C)[C@H](F)C(=O)N(C)C[C@@H](C)O,-2.788085074,TRUE
zinc_235460969,C=CCCCCCN(C)[C@H](C)CO,-3.999583876,TRUE
zinc_1336783190,C=C[C@@H](C)NC[C@@H](O)CCC(C)C,-3.892775148,TRUE
zinc_50113537,C=C(C)CN1CCC[C@H]1CO,-4.011818128,TRUE
zinc_388417813,CC(=O)N(C)C[C@@H](O)C(F)(F)F,-3.819127117,TRUE
zinc_51821927,C[C@@H](O)CN(C)CC1CCCC1,-5.439147592,TRUE
zinc_229976841,C=CCCCNC[C@H](O)CC,-3.968600982,TRUE
zinc_69666174,C[C@@H](O)CN[C@H](C)CC1CC1,-4.758754831,TRUE
zinc_1653261,CCN(CC)C[C@@H](O)C=O,-3.119672989,TRUE
zinc_5513689,CCCCN(O)CCCC,-3.273206572,FALSE
zinc_1719010,CCOCCCO,-4.40809143,TRUE
zinc_5356784,COCC(C)(C)CO,-4.783987198,TRUE
zinc_66055229,CN1CC[C@H]1CO,-4.743659204,TRUE
zinc_164449285,COC[C@H](C)N[C@H](C)C[C@H](C)O,-4.099509393,TRUE
zinc_1716842,CCCCC[C@H](C)NC[C@@H](C)O,-6.309799784,TRUE
zinc_30834289,CCNC[C@@H](O)CC,-4.729147486,TRUE
zinc_117698199,C[C@@H]1OC[C@@H]1CO,-4.776560385,TRUE
zinc_147317476,CC(C)N1C[C@@H](O)[C@H](C)C1,-4.782946794,TRUE
zinc_1674259,C=CCN(CC=C)CCO,-3.826137903,TRUE
zinc_72267059,CC1(C)C[C@H](CO)O1,-4.882525096,TRUE
zinc_1617955635,C[C@H]1[C@@H](O)CCN1CCF,-4.448488182,TRUE
zinc_166657076,C[C@H](CCCC(F)(F)F)NCCO,-5.16855794,TRUE
zinc_21984469,COC[C@@H](N)CO,-4.289989407,TRUE
zinc_827438195,C=CCN(C[C@H](O)CCC)C(C)C,-3.740833519,TRUE
zinc_32223725,COC(OC)[C@H](C)O,-5.538382856,TRUE
zinc_934019284,CC(=CCN1CC[C@@H]1CO)C,-4.12281194,TRUE
zinc_334848628,CC(C)[C@H]1CCN1C[C@@H](C)O,-5.604277876,TRUE
zinc_306831419,COCC(CCO)COC,-4.906628632,TRUE
zinc_85432759,OC1CC1,-4.685546941,TRUE
zinc_147780376,CCCN1C[C@H](O)C[C@H]1C,-5.59708377,TRUE
zinc_307177352,C[C@H](O)[C@@H](C)N1CCC(F)(F)CC1,-5.358693084,TRUE
zinc_436627,CCN1CCCCC[C@@H]1CO,-4.776956609,TRUE
zinc_1356586679,CC(C)CC[C@@H](O)CNCC(F)F,-4.717693637,TRUE
zinc_2019709,NCCCCO,-5.991713333,TRUE
zinc_394431056,CC[C@H](C)CCN[C@H](C)[C@H](C)O,-5.366209644,TRUE
zinc_104457758,COCOCCCO,-4.416519148,TRUE
zinc_307856420,C=C(C)CN[C@H](CO)C1CC1,-3.791600715,TRUE
zinc_662168920,C=C[C@H](CO)NCCCCCF,-3.910716172,TRUE
zinc_35603878,CC[C@@H](CO)NCC(F)(F)F,-4.766581828,TRUE
zinc_166611701,C[C@@H]1C[C@H](NC[C@H](C)O)C1,-5.319061809,TRUE
zinc_82993069,COC[C@@H](C)NCC[C@@H](C)O,-5.607217762,TRUE
zinc_234050296,CC[C@H](O)CNC(=O)C(F)F,-2.59811606,TRUE
zinc_33369389,CC(F)(F)CNCCO,-4.824873424,TRUE
zinc_649868921,C[C@H](CCO)N(C)CC1CC1,-4.866899985,TRUE
zinc_1850884,CC[C@H](C)O,-4.845354823,TRUE
zinc_934020036,CC(C)C[C@H](C)N1CC[C@@H]1CO,-5.022972947,TRUE
zinc_4742645,C=C[C@@H](O)CN1C[C@H]1CC,-3.68545422,TRUE
zinc_82994153,C[C@H](O)CCNC1CCC1,-5.403201285,TRUE
zinc_307436400,O[C@H](CF)CNC1CC1,-4.662204464,TRUE
zinc_82394434,O[C@H](CNCC1CC1)C(F)(F)F,-4.303722176,TRUE
zinc_44177606,COCCN(C)CC[C@@H](C)O,-5.748144012,TRUE
zinc_85508504,CCO[C@H]1C[C@H](O)C1,-4.7711096,TRUE
zinc_61708808,CC[C@@H](C)N1CC[C@H](O)C1,-5.371098856,TRUE
zinc_231788640,C[C@@H]1C[C@H](N[C@H](C)CO)C1,-5.345093467,TRUE
zinc_70839846,OC1CN(CC(F)F)C1,-4.671059283,TRUE
zinc_234061456,CC[C@H](O)CNCC=C(C)C,-4.086796955,TRUE
zinc_308066903,CC[C@@](C)(NCCO)C(F)(F)F,-4.786437449,TRUE
zinc_1634196,CCC[C@@H](O)CN(C)C,-4.785427382,TRUE
zinc_2031139,OCCC[C@@H]1CCCO1,-4.59581178,TRUE
zinc_51292670,CC[C@@H](C)N(C)CC(C)(C)CO,-4.764068288,TRUE
zinc_404399,CCN1CCC[C@H](O)C1,-5.249132048,TRUE
zinc_395392095,C=CC(C)(C)CN[C@@H](C)[C@@H](C)O,-3.966382549,TRUE
zinc_34295894,C[C@@H](O)[C@@H]1CCCN1C,-4.546897967,TRUE
zinc_34539083,CC[C@@H](CN)CO,-4.784852311,TRUE
zinc_307356181,C[C@@H](O)[C@H](C)NCCCF,-5.169785894,TRUE
zinc_931686638,CC[C@@H](CO)N1CC[C@@H](CF)C1,-5.504416375,TRUE
zinc_1666997,[O][N@]12CCCC[C@@H]1CCC[C@H]2CO,-4.670112802,FALSE
zinc_1695063,CN1CCC[C@@H](O)C1,-5.146859687,TRUE
zinc_307437296,CO[C@@H]1CN(C(C)C)C[C@H]1O,-4.672060808,TRUE
zinc_31688152,C[C@@H](O)CNC1CCCC1,-5.443178642,TRUE
zinc_650142315,C=C(C)CN(C)[C@H](CO)CC(C)(C)C,-3.717045082,TRUE
zinc_306507738,CN(CCF)[C@@H]1CCC[C@H]1O,-5.571152987,TRUE
zinc_1746317,O=COCC(O)COC=O,-3.498757704,TRUE
zinc_8100981,OC[C@H]1CCO1,-4.795200041,TRUE
zinc_233903843,CC[C@@H](O)CN[C@H](C)CC(F)(F)F,-4.76464662,TRUE
zinc_16610111,CCC(C)(C)OCCO,-5.695621453,TRUE
zinc_20196076,CC[C@@H](CO)N[C@H](C)[C@@H](C)CC,-4.794040549,TRUE
zinc_238663635,O[C@@H]1C[N@](C2CC2)C1,-4.678244848,TRUE
zinc_307245894,O[C@H](CF)CN1CCC1,-4.208375542,TRUE
zinc_308119503,CO[C@H](C)CN(C)[C@H](C)[C@H](C)O,-4.869147463,TRUE
zinc_308241828,CCC[C@H](O)CN(C)C[C@@H](C)OC,-5.068627546,TRUE
zinc_122798093,CCC[C@H](O)CN(C)CC(F)F,-5.82462405,TRUE
zinc_5736229,C[C@]1(O)CCCO1,-4.747789217,TRUE
zinc_235538629,C=CCCCCCN(C)C[C@H](C)O,-4.003187718,TRUE
zinc_161997,OCC1CCOCC1,-4.794360282,TRUE
zinc_84453634,CC(C)CN(C)C[C@@H]1C[C@@H](O)C1,-5.326068904,TRUE
zinc_35602329,CC[C@@H](C)CN[C@@H](C)CO,-4.751402274,TRUE
zinc_21399713,C[C@@H](C1CC1)N(C)CCO,-5.470945888,TRUE
zinc_5696920,CN(C)CCON,-5.795692435,TRUE
zinc_6020613,C[C@H](O)CCN,-4.581885103,TRUE
zinc_227475422,C[C@H](N[C@@H](C)[C@H](C)O)C1CC1,-5.268487337,TRUE
zinc_307957982,C=CCCNC[C@@H](O)CC(F)(F)F,-3.948183277,TRUE
zinc_168015062,C=C(C)CCN1CCC[C@H](O)C1,-4.063076711,TRUE
zinc_128355026,CCC(CC)CN1CC(O)C1,-5.520921687,TRUE
zinc_934016021,C=C(C)CN1CC[C@@H]1CO,-3.721152651,TRUE
zinc_12648241,C=C[C@@H](N)CO,-3.696999675,TRUE
zinc_233898562,CC[C@@H](O)CNCCOCC(F)F,-4.723222692,TRUE
zinc_1693401,CCN(CC)CCC[C@H](C)O,-4.934502572,TRUE
zinc_62034284,COCCCN(C)CC[C@@H](C)O,-4.152097154,TRUE
zinc_238243359,CCN1CC[C@H](O)[C@@H]1C,-5.585892696,TRUE
zinc_1530354,CCCCO,-4.843688667,TRUE
zinc_379314724,C[C@@H](O)CCN(C)CCCCF,-4.854179977,TRUE
zinc_1687476,CCC(CC)NCCO,-5.661071737,TRUE
zinc_122932259,COC[C@@H](C)N[C@@H](C)CCO,-5.548763619,TRUE
zinc_402999,CC[C@@H](C)[C@@H](N)CO,-5.828094982,TRUE
zinc_12650183,C[C@H]1CCCCN1C[C@@H](C)CO,-4.816707403,TRUE
zinc_13380273,COC[C@@H](O)CCO,-4.808630833,TRUE
zinc_36791529,CCC[C@H](C)N(C)CCCCO,-5.446310093,TRUE
zinc_161953465,C[C@@H](CO)NC[C@H]1C[C@H]1C,-4.803617683,TRUE
zinc_87777056,OC1CN(CCF)C1,-4.69153753,TRUE
zinc_32005413,COCCNC[C@@H](C)O,-4.248393449,TRUE
zinc_138487545,OCCCCC1COC1,-4.848475577,TRUE
zinc_717570883,C=C[C@H](CO)N[C@H](CC)C(C)C,-3.946960334,TRUE
zinc_15635501,CCN1CCC(CO)CC1,-5.632410091,TRUE
zinc_308443521,C=CCC[C@H](O)CN(C)CCC=C,-3.996127304,TRUE
zinc_20195664,CCCN[C@@H](CC)CO,-4.111666131,TRUE
zinc_379417263,CC[C@@H](O)CN1C[C@H](OC(F)F)C1,-4.592368195,TRUE
zinc_83724726,CCC(CC)N[C@@H](C)C(C)(C)O,-5.332984823,TRUE
zinc_379379064,C[C@H]1C[C@@H]1CN(CCO)CC(F)F,-4.849083169,TRUE
zinc_308092450,CCCN(CCCCO)CC(F)F,-5.497942483,TRUE
zinc_44177630,COCCN(C)[C@H](C)[C@@H](C)O,-4.813705656,TRUE
zinc_39079706,OCCN1CCC(F)CC1,-5.382485455,TRUE
zinc_306441760,CC(C)[C@H](O)CN1CC[C@@H](C)[C@@H]1C,-5.553267869,TRUE
zinc_649690504,CCC[C@@H](C)[C@@H](CO)NCC(F)F,-5.31627822,TRUE
zinc_107218395,CC(C)N1C[C@@H](O)C[C@H]1C,-3.988997215,TRUE
zinc_3145420,O[C@H](CN1CCCCC1)C(F)(F)F,-4.616912572,TRUE
zinc_70623838,CC[C@H](COC)NC[C@@H](C)O,-5.641702006,TRUE
zinc_231347309,C=CCCN(CCO)CC(F)F,-3.94181007,TRUE
zinc_308161011,CO[C@H](C)CCN[C@H](C)[C@H](C)O,-4.909192879,TRUE
zinc_1755956,CCCCOCCCO,-4.41768349,TRUE
zinc_307982851,CC[C@H](O)CN1CC[C@@H]1C(C)C,-5.591560912,TRUE
zinc_1880155108,C[C@@H](N1C[C@H](O)C1)C(F)(F)F,-4.692118798,TRUE
zinc_2568136,CNCCCCO,-4.558790987,TRUE
zinc_894658039,C[C@@H](CCO)NCCC(C)(F)F,-4.425585981,TRUE
zinc_95743459,CN1CC(F)(F)C[C@H]1CO,-4.764314951,TRUE
zinc_308385887,CCCN(C)C[C@H](O)CCC(C)C,-5.442481519,TRUE
zinc_166498233,CC(C)[C@@H](NCCO)C1CC1,-5.368948696,TRUE
zinc_68986096,CCCC[C@H](CC)NCCO,-4.848228483,TRUE
zinc_308496012,C=CCC[C@H](O)CN(C)CC(F)F,-3.953358139,TRUE
zinc_50114135,OC[C@@H]1CCCN1CC(F)F,-3.979006182,TRUE
zinc_1712682,CC(C)NC(=O)[C@H](C)O,-4.243242674,TRUE
zinc_130980856,COCCN(CCO)CCF,-4.785194676,TRUE
zinc_238251636,C=CCC[C@@H](O)CN(CC)CC,-3.993237397,TRUE
zinc_5752087,C[C@H]1COC[C@@H]1O,-5.805164922,TRUE
zinc_307624975,C[C@H](NC[C@@H](C)O)C(F)(F)F,-4.825127927,TRUE
zinc_396305,C=C[C@H](O)CN(CC)CC,-3.736244075,TRUE
zinc_306958501,C[C@@H]1CCCCCN1C[C@H](O)CF,-4.685680066,TRUE
zinc_388662957,CCC(CC)N[C@@H](CO)CC(F)F,-5.703743718,TRUE
zinc_952987019,CC(C)O[C@@H]1COC[C@H]1O,-4.718574431,TRUE
zinc_661765301,C=C(CC)CN1CCC[C@@H]1[C@@H](C)O,-4.119871758,TRUE
zinc_2171090,CCCN(CCC)C[C@H](O)CC,-5.561499281,TRUE
zinc_379386285,C[C@@H](O)[C@H]1CCCCN1CCCF,-5.329837934,TRUE
zinc_650187900,C[C@@H]1[C@H](O)CCN1CC(F)F,-4.55972273,TRUE
zinc_84327049,CCC1(O)COC1,-4.704686012,TRUE
zinc_231346836,OCCN(CCF)CC(F)F,-4.761793975,TRUE
zinc_81915425,CCC(=O)OCCO,-4.006155867,TRUE
zinc_41047697,CC[C@@H](C)N[C@@H](CO)C1CC1,-5.359817092,TRUE
zinc_662168586,C=C[C@H](CO)NCCC(=C)C,-3.962478454,TRUE
zinc_1765882,COCCCCO,-4.842322468,TRUE
zinc_32005340,C[C@H](O)CNC1CC1,-5.531839127,TRUE
zinc_62715097,CCOC(C)(C)CO,-5.713805125,TRUE
zinc_307868846,CCCN[C@H](C)CCCCO,-4.917675615,TRUE
zinc_234887832,COC[C@@H](CO)N[C@@H](C)C(C)C,-5.573161264,TRUE
zinc_905948461,C[C@](O)(CN1C[C@H](F)C1)C(F)F,-5.421660073,TRUE
zinc_698585332,C=CCCCNC[C@@](C)(O)C(F)F,-3.99616559,TRUE
zinc_887138839,C=CCC[C@@H](O)CN(C)CCCF,-4.012650964,TRUE
zinc_28223198,CC(C)C[C@@H](O)CN,-4.586603577,TRUE
zinc_307719265,CN(C[C@@H](O)CF)C1CCC1,-5.457230497,TRUE
zinc_36757675,CC(C)N(C)C(=O)CO,-4.100497312,TRUE
zinc_82680524,CCCCCNC[C@H](O)C(F)(F)F,-5.964822839,TRUE
zinc_41047695,CC(C)N[C@@H](CO)C1CC1,-4.721309011,TRUE
zinc_906534393,CCCCN[C@@H](C)[C@H](O)C(F)(F)F,-4.183012663,TRUE
zinc_35649811,C[C@H]1CCC[C@H](C)N1CCO,-5.842114506,TRUE
zinc_86194583,O[C@@H]1CCCN(CCF)C1,-4.858106893,TRUE
zinc_684620695,C=CCCN(C)C[C@@H](O)CCC(C)C,-3.985447366,TRUE
zinc_42351463,COCCN(C)CCCO,-4.151424576,TRUE
zinc_217872858,C[C@H]1C[C@@H](O)CN1CCF,-5.371524448,TRUE
zinc_379329848,CCCN(CCF)CC(C)(C)O,-4.89662852,TRUE
zinc_393579001,C=C[C@H](CO)N[C@H]1C[C@H](C(F)F)C1,-3.678604419,TRUE
zinc_88026808,C[C@@H](O)CN(C)CCCF,-4.113333202,TRUE
zinc_1559839866,C[C@H]1[C@@H](O)CCN1CCCF,-3.98157835,TRUE
zinc_219488137,C[C@@H](CO)N1CC[C@@H](CF)C1,-5.265367067,TRUE
zinc_4529618,OC[C@H]1CCOC1,-4.759022779,TRUE
zinc_381965129,OC[C@H](CC(F)F)NCC1CC1,-4.721629229,TRUE
zinc_159143739,C[C@H](CO)N(C)CC1CCCC1,-5.486703235,TRUE
zinc_45019180,COCC[C@H](C)NC[C@@H](C)O,-5.449507689,TRUE
zinc_85697106,CC(C)OCCN(C)CC[C@H](C)O,-4.935729341,TRUE
zinc_695416943,CC(C)NCC[C@@H](O)C1CC1,-5.809037979,TRUE
zinc_19402542,OCCNC1CC1,-5.506844425,TRUE
zinc_107323472,COC1(CO)CC1,-4.69337965,TRUE
zinc_82680795,C[C@H](NC[C@@H](O)C(F)(F)F)C1CC1,-5.524495542,TRUE
zinc_393589288,CO[C@H](C)CN(C)CCC[C@@H](C)O,-4.26647657,TRUE
zinc_394033954,CC(C)CC[C@@H](CO)NC(C)C,-5.450075324,TRUE
zinc_5431020,CCCNC[C@H](C)O,-4.747057256,TRUE
zinc_308033177,C[C@H](CO)N[C@H]1C[C@H](C(F)F)C1,-5.415522025,TRUE
zinc_232554616,CC(C)CCNCC(F)(F)CO,-4.359895836,TRUE
zinc_88024505,CC[C@@H](CO)NCCCF,-4.334829438,TRUE
zinc_929514995,C[C@@H](O)[C@@H](O)CN(C)CC(F)F,-4.674288456,TRUE
zinc_307978970,CC[C@@H](O)CCCN[C@H](C)CC,-5.043025548,TRUE
zinc_38281939,OCC[C@H]1CCOC1,-4.419195639,TRUE
zinc_382864766,C[C@@H](N(C)CCCCF)C(C)(C)O,-5.973833254,TRUE
zinc_1716812,CC[C@@H](C)NC[C@@H](C)O,-4.289303061,TRUE
zinc_158874463,CCOCCN(C)[C@H](C)CO,-5.488359341,TRUE
zinc_48347150,COCCCN(C)CCO,-4.530561103,TRUE
zinc_41392244,CCOCCN(C)CCO,-4.823155915,TRUE
zinc_2540702,CC1(C)CO[C@@H]1CO,-4.950973639,TRUE
zinc_606247833,C[C@H](O)CN1CCC[C@@H](F)C1,-4.694526236,TRUE
zinc_146822911,CN[C@H](CO)CC1CC1,-5.249965745,TRUE
zinc_398285136,CC[C@H](O)CNCCCOC(F)F,-5.252825206,TRUE
zinc_393464057,CCN(CCCCF)[C@@H](C)CO,-5.575656483,TRUE
zinc_70623807,CC[C@@H](COC)NCCO,-5.661334216,TRUE
zinc_201675633,CCC[C@H]1C[C@@H](O)CN1C,-5.629571619,TRUE
zinc_224476380,CC[C@@H](C)[C@H](C)N1CC[C@@H](CO)C1,-4.564105494,TRUE
zinc_96031460,C[C@H](O)C[N](C)(C)[O],-5.509296346,FALSE
zinc_661770700,CCN1CCC[C@@H]1[C@@H](C)O,-5.853972473,TRUE
zinc_36757684,CCN(C)C(=O)CO,-4.098844601,TRUE
zinc_320512451,C=CCC[C@@H](CO)NC(C)C,-3.973286344,TRUE
zinc_716773728,CCC[C@@H](O)CN(C)CCCF,-4.150621001,TRUE
zinc_41047674,OC[C@H](NCC(F)(F)F)C1CC1,-4.428754021,TRUE
zinc_36436721,C=CCN1CC(O)C1,-3.817231758,TRUE
zinc_308208442,C=C(C)CN(CCO)CCCCC,-4.025189053,TRUE
zinc_705079111,CCC(CC)NC[C@@](C)(O)C(F)F,-4.28832371,TRUE
zinc_2045316,CC(C)C[C@H](CO)N(C)C,-5.600995328,TRUE
zinc_4797717,O[C@@H]1CC[C@@H](O)O1,-4.636620033,TRUE
zinc_905970809,C[C@@H](O)CN1C[C@H](C(F)(F)F)C1,-4.797055876,TRUE
zinc_123570751,C[C@@H](O)CNCCCC(F)(F)F,-4.765261621,TRUE
zinc_662167230,C=C[C@H](CO)NCCCF,-3.633155314,TRUE
zinc_34478490,CC1(C)C[C@@H](CO)CO1,-4.319972769,TRUE
zinc_649871025,C[C@H](CCO)N(C)CCCCF,-5.756005901,TRUE
zinc_658350388,CC[C@@H](C)N[C@H]1C[C@H](O)C1,-5.356769919,TRUE
zinc_5762850,C[C@H](O)CN(C)C1CCCCC1,-5.552146017,TRUE
zinc_49672177,CCC[C@@H](O)COC,-4.854424431,TRUE
zinc_388824887,C=C[C@H](CO)N[C@@H](C)CCC(C)C,-3.76667081,TRUE
zinc_306899228,C[C@H](O)CN1CC[C@@H](C(F)F)CC1,-5.258807604,TRUE
zinc_1850587,CCCOCCCO,-4.41194754,TRUE
zinc_68908350,CCN(C)C[C@H](O)C1CC1,-5.365528336,TRUE
zinc_61480899,CN(CCO)CC1CCC1,-5.437592441,TRUE
zinc_159140311,C[C@H](CO)N(C)CCF,-4.731688939,TRUE
zinc_169797196,OC[C@@H]1[C@@H]2COC[C@H]12,-4.983880479,TRUE
zinc_21984840,COCO[C@H](C)CO,-4.72985932,TRUE
zinc_306339105,CC[C@H]1CN(CCF)C[C@H]1O,-4.852741275,TRUE
zinc_41626033,OCCCNC1CC1,-4.822006257,TRUE
zinc_34049561,OCC[C@@H]1CO1,-4.773437233,TRUE
zinc_32005555,COCCCNC[C@H](C)O,-4.344069623,TRUE
zinc_198620769,C=CCN(CC=C)[C@@H](CC)CO,-3.864010688,TRUE
zinc_660125231,C[C@H](CO)N(C)C[C@H]1CC=CC1,-4.185048315,TRUE
zinc_78778056,CC(=CCN(C)CC(C)(C)O)C,-4.155073117,TRUE
zinc_760813230,C=CCC[C@H](O)CN(CC=C)C(C)C,-3.909554497,TRUE
zinc_308161609,C=CCC[C@@H](O)CN(C)CC(C)C,-4.004627067,TRUE
zinc_1641058,CN(C)CCO,-4.828989318,TRUE
zinc_306490015,C[C@@H]1CCCN(CCF)[C@@H]1CO,-4.804511894,TRUE
zinc_34978167,NC(=S)CO,-3.052067411,TRUE
zinc_39078008,OCCN1CC[C@@H](F)C1,-6.06435286,TRUE
zinc_306632361,C=CCCN1C[C@@H](O)[C@H](C)C1,-3.975903776,TRUE
zinc_929211409,CC[C@@H](CO)N1CCC[C@H](C)C1,-5.000709834,TRUE
zinc_52209502,CC[C@@H](O)CNC1CCC1,-4.70890491,TRUE
zinc_1609005,CC[C@H](O)CO,-4.699335159,TRUE
zinc_379361149,CC/C=C/CCN(CC)[C@H](C)CO,-4.085474835,TRUE
zinc_226835920,CC(C)CN(C)CCCCCCO,-5.572249648,TRUE
zinc_398178380,C=CCCC[C@H](C)N[C@H](C)[C@H](C)O,-4.004356775,TRUE
zinc_126781035,C=CCC[C@@H](C)N[C@H](CO)CC(C)C,-3.985104435,TRUE
zinc_1687155,CC(C)CO,-4.801011136,TRUE
zinc_306276690,OCCN1CCC(C(F)F)CC1,-5.563272669,TRUE
zinc_228064108,OCCCN(CC(F)F)C1CCC1,-5.333423401,TRUE
zinc_382845907,CC(=CCN(C)[C@@H](C)C(C)(C)O)C,-4.207565635,TRUE
zinc_1658666182,CCCN1CC[C@H](O)[C@@H]1C,-5.452721855,TRUE
zinc_224662119,CCC[C@@H](CC)N[C@@H](C)CCO,-5.448162425,TRUE
zinc_650181814,CCCCN(CC(F)F)C[C@@H](C)O,-5.606907405,TRUE
zinc_53172709,CC[C@@H](CO)N[C@@H](C)COC,-4.81323189,TRUE
zinc_39259324,COCC[C@@H](C)O,-4.864931341,TRUE
zinc_37693876,CC[C@@H](O)CN(C)C1CCCC1,-5.473726622,TRUE
zinc_1759067,CCC[C@@H](O)[C@H](C)N,-5.045935581,TRUE
zinc_649865751,CC(C)CCN(C)[C@@H](C)CCO,-5.599261384,TRUE
zinc_37687737,COC[C@H](C)NC[C@H](C)O,-4.448122108,TRUE
zinc_1759079,CC[C@@H](N)[C@H](O)C(C)C,-5.042095314,TRUE
zinc_231344680,C=C(C)CCN(CCO)CC(F)F,-4.07973999,TRUE
zinc_308308805,CC[C@@H](O)[C@@H]1CCCCN1CCF,-4.75695097,TRUE
zinc_404441,CO[C@H](C)CCO,-5.603819306,TRUE
zinc_238363888,CO[C@H]1C[C@@H](O)C1,-5.346621513,TRUE
zinc_308060333,CCCN(CC[C@H](C)O)CC(F)F,-5.549798877,TRUE
zinc_308251460,C[C@@H]1C[C@H]1CN[C@H](CO)CC(F)F,-4.763010721,TRUE
zinc_55028800,CCC(O)(CC)CNC(C)C,-4.196649919,TRUE
zinc_133590886,CCC[C@H](O)CN[C@@H](C)CC,-5.266431801,TRUE
zinc_147673159,CCC[C@@H](CO)OC,-4.792723548,TRUE
zinc_584645757,OCCN1CC(F)C1,-4.286940025,TRUE
zinc_661772578,C[C@@H](O)[C@H]1CCCN1CCCF,-5.556025109,TRUE
zinc_4716349,O[C@@H]1CCOC1,-4.814484848,TRUE
zinc_108281499,CC(C)C1CN(CCO)C1,-4.372647179,TRUE
zinc_35601958,C[C@@H](O)CN[C@H](C)C1CC1,-5.398846272,TRUE
zinc_659953878,C[C@H](O)CN(C)C[C@H]1CC=CC1,-4.254829217,TRUE
zinc_34134454,C[C@@H]1CN(C)C[C@@H]1O,-4.391237045,TRUE
zinc_49633863,CC(=CCN(C)CCO)C,-4.177410566,TRUE
zinc_828405853,CC[C@H](O)CN1C[C@H](C(F)(F)F)C1,-4.851248902,TRUE
zinc_82291710,CCC[C@@H](O)CCNC(C)C,-4.794383534,TRUE
zinc_104608600,CNC[C@H](O)CF,-4.31660096,TRUE
zinc_134087707,CO[C@H](C)[C@@H](C)N[C@@H](C)CCO,-5.354489733,TRUE
zinc_148581303,C[C@@H]1CCO[C@@H]1CO,-4.767174385,TRUE
zinc_162540043,CCC[C@H](CC)NC[C@H](C)CO,-5.498828342,TRUE
zinc_82492700,C[C@H](O)[C@@H](C)N(C)CC1CCCC1,-5.252994166,TRUE
zinc_306429622,CC(C)CN[C@@H]1CC[C@H]1O,-5.566331697,TRUE
zinc_6489179,CC[C@H](O)CN1CCCC1,-5.460327488,TRUE
zinc_663377167,C[C@H](O)CNCCOCCF,-4.284902406,TRUE
zinc_37625136,C[C@@H](CO)N1CCCCC1,-5.83032325,TRUE
zinc_38415638,CC(C)(O)C[C@H]1CO1,-4.857271202,TRUE
zinc_131980606,CO[C@@H](C)[C@H](C)NCCCO,-5.689617743,TRUE
zinc_393303659,CC[C@@H](CO)N(C)CCCOC,-4.765931397,TRUE
zinc_82681145,CC[C@H](C)CNC[C@@H](O)C(F)(F)F,-4.605709266,TRUE
zinc_225545123,CC[C@H](C)N(C)C[C@@H](O)C1CC1,-5.381959231,TRUE
zinc_711453000,C[C@@H](O)[C@H](C)N1CC[C@H](CF)C1,-5.39649447,TRUE
zinc_1338488996,C=CC[C@H](C)NC[C@H](O)CCC(C)C,-4.053258356,TRUE
zinc_306466250,C=C[C@@H]1CCCCN1C[C@H](C)O,-3.834329896,TRUE
zinc_306175633,O[C@@H](CF)CN1CCC(F)(F)C1,-4.172390356,TRUE
zinc_39221553,CC1(C)CC[C@@H](CO)O1,-4.59208233,TRUE
zinc_336334599,CCCN1CCCC[C@H]1[C@H](C)O,-5.170346066,TRUE
zinc_5523462,CCCC(CCC)N[C@@H](C)CO,-5.553407219,TRUE
zinc_41047725,CN[C@@H](CO)C1CC1,-4.831175312,TRUE
zinc_44723852,CCOC[C@@H](C)NC[C@H](C)O,-5.771518497,TRUE
zinc_50193514,CCC[C@H](O)CN(C)CCOC,-5.415143045,TRUE
zinc_82681118,O[C@@H](CNC1CCC1)C(F)(F)F,-5.405714394,TRUE
zinc_230690045,C[C@@H](O)CNCC(F)(F)C(F)F,-4.698007003,TRUE
zinc_308036579,CC[C@@H](C)N(CCO)CCCF,-4.831111026,TRUE
zinc_84177755,C[C@H](O)CNCCOC(F)(F)F,-4.337665809,TRUE
zinc_70205449,O[C@H]1CCCN(CCC(F)(F)F)C1,-4.791017005,TRUE
zinc_688716117,C[C@H](CCO)NCCCC(F)F,-4.379704953,TRUE
zinc_221154458,OCCN(CC(F)F)C1CCC1,-5.382991337,TRUE
zinc_1733658,OC[C@@H]1COCO1,-4.748794514,TRUE
zinc_1759074,CC[C@H](O)C(C)(C)N,-5.760041074,TRUE
zinc_306694502,C[C@H](O)CN1CCC(F)(F)C1,-4.096134727,TRUE
zinc_147577981,C[C@H](NCC(F)F)[C@@H](C)O,-4.31785222,TRUE
zinc_300777002,C=CCCCN(C)CCCO,-3.999953938,TRUE
zinc_83694037,OCC(CO)NCC(F)F,-4.434178941,TRUE
zinc_238461086,C[C@H]1CN(C)CC[C@H]1O,-4.918551963,TRUE
zinc_307946895,C=C[C@H](C)NC[C@@H](O)CC(F)(F)F,-3.906582064,TRUE
zinc_45018982,COCC[C@@H](C)NCCO,-4.338079519,TRUE
zinc_403234,CC[C@@H](O)COC,-4.837769801,TRUE
zinc_84285381,CN1CC[C@H](CCO)C1,-4.543607956,TRUE
zinc_39295586,COC(OC)[C@@H](O)CO,-4.513695697,TRUE
zinc_681695966,C=CCN(C)CCC(C)(C)O,-3.918646307,TRUE
zinc_307046327,C=C(C)CN(C)[C@@H]1CCC[C@H]1O,-4.003205662,TRUE
zinc_231345023,CO[C@@H](C)CN(CCO)CC(F)F,-4.958499171,TRUE
zinc_49752923,C=C(C)CN[C@@H](CC)CO,-4.033062823,TRUE
zinc_644654014,C[C@@H](O)CNCC(C)(F)F,-4.708292253,TRUE
zinc_307644884,CN(CC(F)F)C1(CO)CC1,-4.712488734,TRUE
zinc_2044536,CCC[C@H](C)NCCO,-4.290520804,TRUE
zinc_45620471,COCCN(C)CCC[C@H](C)O,-4.885761409,TRUE
zinc_70559781,C=CCCNCCO,-3.951125884,TRUE
zinc_308000252,CC[C@@H](CO)NCCCCCF,-4.80919731,TRUE
zinc_67425153,CC(C)CN1CC(O)C1,-5.535509789,TRUE
zinc_39017082,OCCCC1COC1,-4.487320435,TRUE
zinc_85793882,C[C@H](O)[C@@H]1CN(C)CCO1,-5.584567505,TRUE
zinc_934017377,C=C(CC)CN1CC[C@H]1CO,-4.000207714,TRUE
zinc_82901255,COCC[C@H](CO)NC(C)C,-5.657988649,TRUE
zinc_705078433,C[C@](O)(CNCCF)C(F)F,-4.503119787,TRUE
zinc_137749340,COC1(CO)CCC1,-4.747036564,TRUE
zinc_114932257,CO[C@H]1C[C@@H](CO)C1,-4.731092394,TRUE
zinc_308276543,C[C@H](N[C@H](CO)CC(F)F)C1CC1,-4.739057824,TRUE
zinc_96306728,COCC1(CO)CC1,-4.727722767,TRUE
zinc_394424066,CC[C@@H](C)C[C@@H](CO)NCC(C)C,-4.699994885,TRUE
zinc_388750,OCCN1CCCC1,-5.377347154,TRUE
zinc_5965197,CN(C)[C@H]1CCC[C@@H]1O,-4.86927978,TRUE
zinc_306526791,C[C@H]1C[C@H](O)CN1CCC(F)(F)F,-5.065851851,TRUE
zinc_307702755,C[C@@H]1CC[C@H](N(C)CCO)C1,-5.379468566,TRUE
zinc_1733938,C=C[C@H](CO)N1CCCCC1,-3.857342941,TRUE
zinc_68908623,CN(C[C@@H](O)C1CC1)CC(F)(F)F,-4.673737876,TRUE
zinc_653898424,C=C(C)CN(C[C@H](C)O)C1CC1,-3.750003517,TRUE
zinc_652019004,COC[C@@H](C)N[C@H](CO)CCF,-4.776060242,TRUE
zinc_321283648,C=CCC[C@@H](CO)N[C@@H](C)CC,-4.015801059,TRUE
zinc_34077739,CCC(O)(CC)COC,-5.422374412,TRUE
zinc_300042522,CO[C@@H]1CCN([C@H](C)[C@H](C)O)C1,-5.505935206,TRUE
zinc_307435234,C=C[C@H](CO)N[C@@H](C)CC,-3.754310707,TRUE
zinc_379407974,C=CCN(C)C[C@@H](O)CCC(C)C,-3.918819523,TRUE
zinc_308129872,CC[C@@H](C)N(CC=C(C)C)CCO,-4.238248356,TRUE
zinc_306176593,C=C(CC)CN1C[C@@H](O)C[C@@H]1C,-3.988547347,TRUE
zinc_157469,OC[C@@H]1CCCO1,-4.572591625,TRUE
zinc_131848868,CC(C)[C@@H](NC[C@@H](C)O)C1CC1,-5.293416945,TRUE
zinc_575539061,C=CCN[C@H]1CC[C@@H]1O,-3.887031762,TRUE
zinc_70595502,C=CCCN(C)C[C@@H](C)O,-3.974092155,TRUE
zinc_78675992,CO[C@H](C)C[C@H](C)O,-5.597711165,TRUE
zinc_132909706,COCCN[C@@H](C)CCO,-4.384154429,TRUE
zinc_113081872,CN1C[C@@H](F)C[C@H]1CO,-4.775404153,TRUE
zinc_87689884,CCCCN(CCO)CCF,-4.769193279,TRUE
zinc_2041069,CCNCCO,-4.221045436,TRUE
zinc_1716705,CCCCC[C@@H](C)NCCO,-6.30589515,TRUE
zinc_1716706,CCCC(CCC)NCCO,-5.621721101,TRUE
zinc_158875357,CCCCCCN(C)[C@H](C)CO,-5.496016866,TRUE
zinc_388344,CN1CCCC[C@H]1CO,-4.777351028,TRUE
zinc_19785891,C[C@@H]1CCCN(CCO)C1,-4.826515007,TRUE
zinc_44133356,C[C@H](O)CCN(C)[C@@H](C)C1CC1,-5.318471434,TRUE
zinc_38124324,C[C@H](CO)NC1CC1,-4.754773355,TRUE
zinc_107120042,COC[C@@H](CO)NCC(C)C,-4.305149212,TRUE
zinc_306804696,C[C@@H]1C[C@H](O)CN(CC(F)F)C1,-4.370569173,TRUE
zinc_5651140,CC[C@@H](CO)OC,-4.783479592,TRUE
zinc_32252004,OCCCN1CC1,-5.59125818,TRUE
zinc_1635585,CCOCC[C@H](O)CC,-5.488018296,TRUE
zinc_231346034,OCCN(CCCF)CC(F)F,-4.767404048,TRUE
zinc_51837844,C[C@@H](O)CN(C)C/C=C/Cl,-2.974807105,TRUE
zinc_260009249,CN1C[C@@H](O)C(F)(F)C1,-2.982934947,TRUE
zinc_82425008,COCCN1CC(O)C1,-4.404191619,TRUE
zinc_59113554,CN(CCO)CCF,-4.832266342,TRUE
zinc_716738308,C[C@H](O)CCCN(C)CCCF,-4.90332841,TRUE
zinc_20037674,OCCNCC1CC1,-4.35503063,TRUE
zinc_87358164,CC[C@@H](C)CN[C@@H](C)CCCO,-5.620713594,TRUE
zinc_219505962,OCCN1CC[C@@H](CF)C1,-5.32166515,TRUE
zinc_39077727,O=CN1CCC[C@H]1CO,-4.216864555,TRUE
zinc_886008653,C[C@@](O)(CN1CCC1)C(F)F,-4.969070367,TRUE
zinc_71773002,CNC(C)(C)C[C@H](C)O,-5.613300441,TRUE
zinc_306957342,CCN1CC[C@H](CO)C[C@@H]1C,-5.65269971,TRUE
zinc_166893841,C[C@H]1C[C@H]1CNC[C@@H](C)O,-5.193105038,TRUE
zinc_251299395,CC(C)[C@@H]1CCCCN1C[C@H](C)O,-5.407761362,TRUE
zinc_379315209,CCCCN(CCF)CCCO,-5.662087273,TRUE
zinc_4050500,CC[C@H](C)NC[C@@H](O)C(F)(F)F,-4.422826533,TRUE
zinc_35602284,CC[C@H](C)[C@@H](C)N[C@@H](C)CO,-5.393316651,TRUE
zinc_33358749,N[C@H]1CCCO1,-5.354996665,TRUE
zinc_388400211,C=CCCN(CCO)[C@@H](C)CC,-3.98735423,TRUE
zinc_1671170,C[C@H]1CCCCCN1CCO,-4.828524686,TRUE
zinc_640053569,CCN(CCO)[C@H](C)C(F)(F)F,-4.79658863,TRUE
zinc_307752517,C[C@@H]1CN(CC(F)(F)F)C[C@@H]1O,-5.008724974,TRUE
zinc_79064812,OCCCN1CCC1,-4.840366649,TRUE
zinc_307921454,C=C[C@H](CO)N[C@H](C)CCC,-3.879572995,TRUE
zinc_5762967,C[C@@H](CO)NC1CCCC1,-4.80958308,TRUE
zinc_37258452,CCCC[C@@H](C)N[C@H](C)CO,-5.06954862,TRUE
zinc_5105207,C[C@@H]1[C@@H](O)CN1C(C)(C)C,-5.854981461,TRUE
zinc_662168878,C=C[C@H](CO)NCCCCF,-3.630570887,TRUE
zinc_82835649,CC[C@@H](O)C1COC1,-4.796334531,TRUE
zinc_22062337,COCCCCCCCCO,-6.14378022,TRUE
zinc_19230121,OCCN1CCOCC1,-4.814167702,TRUE
zinc_1120500761,C[C@H](N[C@@H]1C[C@H]1C(F)(F)F)[C@@H](C)O,-4.770990539,TRUE
zinc_688732539,COC[C@@H](O)CNCCCC(F)F,-4.709538367,TRUE
zinc_660553862,[C@H]1(C[C@@H]1C)[NH](CCO)CCC=C(C)C.[H],-4.028465753,TRUE
zinc_2037796,CCC(CC)COCCO,-4.771359954,TRUE
zinc_931683401,CC[C@H](CO)N1CCC[C@H](CF)C1,-4.826961615,TRUE
zinc_235225653,C[C@H](NCCOCC(F)F)[C@@H](C)O,-4.20034526,TRUE
zinc_405106,CNC(C)(C)CO,-5.726753368,TRUE
zinc_1672845,O=COCCO,-3.806974421,TRUE
zinc_5922287,CC[C@@H](C)NCCO,-4.245283067,TRUE
zinc_16637426,CCC[C@@H](CC)NCCO,-5.651428539,TRUE
zinc_61708109,O[C@H]1CCN(CC(F)(F)F)C1,-4.752628504,TRUE
zinc_39068665,COCOC(=O)[C@H](C)O,-3.589555308,TRUE
zinc_300745482,CO[C@@H](C)CN(C)CCCO,-4.978165787,TRUE
zinc_85057418,C=C(CC)CNC[C@@H](C)O,-4.000959693,TRUE
zinc_1755958,CCOCCCCO,-4.84137068,TRUE
zinc_5834713,CCCNCCCO,-4.330489594,TRUE
zinc_307902492,CC[C@H](C)N(CCO)CCF,-4.686925103,TRUE
zinc_6020793,C[C@@H](CO)N(C)[C@H](C)CO,-4.804177047,TRUE
zinc_307886457,CC[C@@H](O)CCCNC(C)C,-4.82688903,TRUE
zinc_128411863,CCCCCCN(C)CC[C@H](C)O,-4.615827577,TRUE
zinc_231347526,CC[C@@H](C)N(CCO)CC(F)F,-4.784792794,TRUE
zinc_38121147,CCC(CC)(CO)NC,-5.418382348,TRUE
zinc_37236459,CC[C@@H](NCCCO)C(C)C,-5.489137239,TRUE
zinc_308360242,CC(=CCN(C)C[C@@H](O)C1CC1)C,-4.170329055,TRUE
zinc_1759056,CC(C)(O)CN,-4.960803849,TRUE
zinc_306528462,CC(C)(O)CN1CC(F)C1,-5.552006182,TRUE
zinc_85064808,C=C(CC)CN(C)CCO,-4.039997818,TRUE
zinc_44480651,C[C@H](CO)NC1CCC1,-4.65725366,TRUE
zinc_68986193,CCCC[C@H](CC)NC[C@H](C)O,-5.860104727,TRUE
zinc_1690416,CN1CCC(O)CC1,-5.649299826,TRUE
zinc_5454763,CC1(C)C[C@@H](O)CO1,-5.456212025,TRUE
zinc_1898235018,OCCN[C@@H]1CC[C@H]1F,-4.037335983,TRUE
zinc_70205421,CN(CCO)CCC(F)(F)F,-4.817640062,TRUE
zinc_228044195,CC(C)[C@H](C)NCCC[C@@H](C)O,-5.586390522,TRUE
zinc_72266143,CC1(O)COC1,-4.701070584,TRUE
zinc_307500055,CC[C@H]1CN(CC(F)F)C[C@@H]1O,-5.750967855,TRUE
zinc_39077901,CC(=O)N(C)C[C@H](C)O,-4.002242234,TRUE
zinc_49751452,C=C(C)CN1CCCC[C@H]1CO,-4.002044257,TRUE
zinc_38063731,CSC[C@H](O)CNC(C)C,-3.393502645,TRUE
zinc_934017812,OC[C@H]1CCN1CCCCF,-4.999548914,TRUE
zinc_159221109,C=C(CC)CN(C)[C@H](C)CO,-4.021602158,TRUE
zinc_96378944,CC[C@H](CO)N1CCCC1,-5.411352218,TRUE
zinc_82828793,CN1CC(CO)C1,-4.785497811,TRUE
zinc_307998886,CCCN(CCO)C[Si](C)(C)C,-3.96525458,TRUE
zinc_85393068,COCC[C@H]1C[C@H](CO)C1,-4.830542367,TRUE
zinc_1634020,C[C@@H]1OC[C@H](CO)O1,-5.670674493,TRUE
zinc_133049727,CC[C@H](CO)N[C@@H](C)CCC=C(C)C,-4.303501728,TRUE
zinc_934028056,OC[C@H]1CCN1CC(F)(F)F,-4.80393817,TRUE
zinc_521399038,CCOC1(CO)CCC1,-4.73784132,TRUE
zinc_22047013,CC(=O)OC(C)(C)CO,-4.048278696,TRUE
zinc_691350847,C[C@H](O)CN(CCF)C1CC1,-5.42078914,TRUE
zinc_225259435,COC[C@@H]1C[C@@H](O)C1,-4.812902889,TRUE
zinc_934014492,OC[C@@H]1CCN1CCC(F)(F)F,-4.719055552,TRUE
zinc_197992345,CCO[C@H](CO)C(C)C,-4.795402168,TRUE
zinc_306358969,C[C@@H](O)CN[C@H]1CC[C@H]1C,-4.968764887,TRUE
zinc_388431874,CC[C@H](CN[C@@H](C)[C@@H](C)O)OC,-5.29314148,TRUE
zinc_666147014,CC(C)[C@H]1[C@H](C(C)C)CN1C[C@@H](C)O,-5.449771273,TRUE
zinc_50403371,CCC[C@H](CC)NC[C@@H](C)O,-5.548552332,TRUE
zinc_2570293,C[C@@H]1C[C@H](O)[C@@H](C)N(C)C1,-5.371456444,TRUE
zinc_397725398,CC(=CCCN[C@H](C)[C@H](C)O)C,-4.24833086,TRUE
zinc_149845261,C[C@H](CO)[C@H]1CCO1,-4.493401337,TRUE
zinc_2539257,CC1(CO)CC1,-6.122282827,TRUE
zinc_649416322,C=C(C)CN(C)C[C@@H](O)CCC,-4.029624195,TRUE
zinc_306994058,C=C(CC)CN1C[C@H](C)[C@H](O)C1,-3.980343525,TRUE
zinc_379371797,CC[C@](C)(NC[C@H](C)O)C(F)(F)F,-4.685176313,TRUE
zinc_33961342,C[C@@]1(O)CCOC1,-4.811299888,TRUE
zinc_37911908,C[C@@H]1CCCN1CCCO,-5.767979237,TRUE
zinc_78737651,COC[C@H](CO)NC(C)C,-4.80616932,TRUE
zinc_389491184,CC[C@@H](O)CN[C@@H](C)C(F)(F)F,-4.642110479,TRUE
zinc_306924705,CN(CCF)[C@@H]1C[C@@H](O)C1,-4.781816265,TRUE
zinc_308060393,CC(C)N(CCO)C[Si](C)(C)C,-5.53471594,TRUE
zinc_35602314,CCCCC[C@H](C)N[C@H](C)CO,-4.746008015,TRUE
zinc_116926328,CN(CO)CCO,-4.785990114,TRUE
zinc_631667079,CCC[C@@H](CCO)NC(C)C,-5.580839159,TRUE
zinc_306560724,C=CCN(C)C[C@@H](O)CC,-3.91339463,TRUE
zinc_83838380,C[C@@H](CO)NCC1CCC1,-5.363469513,TRUE
zinc_590622412,C=C(C)CN(CC)CCCCO,-4.039039482,TRUE
zinc_217729069,OCCN1CC(CF)C1,-4.624245326,TRUE
zinc_388092353,C=C[C@H](CO)NCCC(C)C,-3.630351328,TRUE
zinc_32136700,C[C@@H]1CC[C@@H](O)CN1C,-4.192726613,TRUE
zinc_308094860,CCN(C[C@@H](C)OC)[C@H](C)CO,-5.390214783,TRUE
zinc_1120495891,CC(C)CC[C@@H](O)CNCCCF,-4.716495697,TRUE
zinc_1335615832,C=C1CN([C@@H](C)[C@@H](C)O)C1,-3.877894688,TRUE
zinc_20033804,C=CCNCCO,-3.892236153,TRUE
zinc_70205431,CC[C@@H](CO)NCCC(F)(F)F,-4.775806817,TRUE
zinc_225112471,CCC[C@@H](C)N(C)C[C@@H](O)CC,-5.525761998,TRUE
zinc_650026870,CCN[C@H](C(C)C)[C@@H](CO)C(C)C,-5.542569179,TRUE
zinc_2045143,C=C[C@H](CO)N1CC1,-3.779285525,TRUE
zinc_85126872,CC[C@H](C)NC[C@H](C)CCO,-5.668324174,TRUE
zinc_168196718,C[C@@H](O)CN(C)C#N,-3.268605084,TRUE
zinc_87129315,C[C@H](NC[C@H](C)N(C)C)[C@@H](C)O,-5.282701847,TRUE
zinc_141311220,CN(C)[C@H]1C[C@@H]1O,-5.109829652,TRUE
zinc_829344425,C[C@H](O)CNCCC(C)(C)F,-5.583980497,TRUE
zinc_2242698,CCCNCCO,-4.301351973,TRUE
zinc_398193402,C=CCCC[C@H](C)NC[C@@H](C)O,-4.020726187,TRUE
zinc_74938383,OCCC1COC1,-4.796759556,TRUE
zinc_142074279,CC[C@@H]1C[C@@H](O)CN1C,-5.499764288,TRUE
zinc_66351463,CCOC1(O)CC1,-4.528385536,TRUE
zinc_227175830,C=CCN1CC[C@H](C)[C@@H]1CO,-3.876694916,TRUE
zinc_335147359,C=C[C@@H]1CCN(C[C@H](C)O)CC1,-3.953472162,TRUE
zinc_649870931,CC[C@H](CN(C)[C@H](C)CCO)OC,-4.933729281,TRUE
zinc_71790371,CN[C@@H]1C[C@@H](O)C1,-4.796755084,TRUE
zinc_717766009,CCCCN[C@@H](CO)CC(F)(F)F,-4.33942931,TRUE
zinc_50888169,CCCC[C@@H](C)NC[C@@H](O)CC,-4.734859753,TRUE
zinc_631233312,CC(C)CN[C@@H](C)[C@@H](O)C(F)(F)F,-5.597204717,TRUE
zinc_70558676,COC[C@H](O)CN[C@H](C)C(C)C,-5.598547314,TRUE
zinc_4262027,OC1COCOC1,-4.662141822,TRUE
zinc_168737051,C=CCCNCCCCO,-3.991356236,TRUE
zinc_17408132,CC(C)N[C@@H](C)CC(C)(C)O,-4.85885537,TRUE
zinc_307674034,C[C@@H](O)CN(C)[C@H](C)[C@@H](C)O,-5.498891146,TRUE
zinc_929466161,CCCN(CC(F)F)[C@H](CC)CO,-5.536698864,TRUE
zinc_307987986,CC/C=C\CCN(CC)CCO,-4.166263975,TRUE
zinc_49801995,C=CCN(CCC)CCO,-3.894193509,TRUE
zinc_631236346,C[C@@H](NCC1CC1)[C@@H](O)C(F)(F)F,-5.618566802,TRUE
zinc_1684946,C[C@@H](O)CN1C[C@H]1C,-5.563212452,TRUE
zinc_674314798,C=C(C)CN(C)C[C@H](O)C1CC1,-4.086746788,TRUE
zinc_86059302,C=C(C)[C@H](O)CNC,-3.799691915,TRUE
zinc_307724044,C=C(C)CCN1C[C@@H](O)C[C@H]1C,-4.122635706,TRUE
zinc_226562300,OCCN(CC(F)F)CC1CC1,-4.785673722,TRUE
zinc_5819295,CCC(O)O,-4.590155447,TRUE
zinc_231344394,C=CCCCN(CCO)CC(F)F,-3.960716031,TRUE
zinc_653896384,CC(=CCN(C[C@H](C)O)C1CC1)C,-4.129406429,TRUE
zinc_82291760,CC(C)CC[C@H](O)CNC(C)C,-5.178314164,TRUE
zinc_2172227,COCCC[C@H](C)O,-4.649059807,TRUE
zinc_68890774,C[C@@H](O)C1CCOCC1,-4.519968676,TRUE
zinc_630343625,CC(C)(C)CN[C@H](CO)CC(F)F,-5.819383905,TRUE
zinc_660236093,CC(=CCCN[C@H](CO)C(C)C)C,-4.233745399,TRUE
zinc_922824929,CCC[C@@H](O)CCNCC(C)C,-4.655630075,TRUE
zinc_379343500,CC[C@@H](C)N(CCO)C[C@H](C)OC,-5.584973374,TRUE
zinc_70591590,C=CCCCN[C@@H](CC)CO,-4.011600914,TRUE
zinc_229978792,CC[C@H](O)CNCCCF,-4.241271389,TRUE
zinc_251097333,CC[C@@H](O)CN1CCC[C@H]1C(C)C,-5.500305277,TRUE
zinc_44415858,C[C@@H](O)CN(CC(F)(F)F)C1CC1,-4.762890582,TRUE
zinc_706759322,C[C@@H]1CCN1C[C@H](O)CC(F)(F)F,-4.710840926,TRUE
zinc_163008345,CCC(O)(CC)CN(C)CC(F)F,-5.171258788,TRUE
zinc_143174189,O=C(CO)OC[C@@H]1COC(=O)O1,-3.319307374,TRUE
zinc_670989736,C=C(C)CN(CC)CC[C@H](C)O,-4.058748398,TRUE
zinc_224579642,CCC[C@@H](CC)N[C@H](CC)CO,-5.360157059,TRUE
zinc_407009,CN(C)C[C@H](O)CO,-4.730278769,TRUE
zinc_19092659,CCCN[C@@H](C)CO,-4.756679411,TRUE
zinc_87130506,C[C@@H](O)[C@@H](C)NCCC1CC1,-5.952197239,TRUE
zinc_887102384,C[C@H](O)CN(CC(F)F)C1CCC1,-5.320109892,TRUE
zinc_5359286,CC(C)C(OCCO)C(C)C,-4.695445855,TRUE
zinc_379390334,CN(CCO)CCCCC(F)(F)F,-4.581632808,TRUE
zinc_130489201,C[C@@H](CN(C)C)N[C@H](C)[C@@H](C)O,-5.617920008,TRUE
zinc_631718479,CC(C)N[C@H](C)[C@@H](O)C(F)(F)F,-4.423151708,TRUE
zinc_1668304,CC(=O)OC[C@H](C)O,-3.950487496,TRUE
zinc_35188218,CC[C@H](CO)NCCOC,-5.621365318,TRUE
zinc_251454365,CC(C)[C@@H]1CCCN1CC[C@H](C)O,-5.695235898,TRUE
zinc_34596396,CC(=CCCN(C)CCO)C,-4.228412785,TRUE
zinc_5178903,O=CNCO,-4.088398879,TRUE
zinc_307849395,CC(C)C[C@@H]1CCN(C[C@H](C)O)C1,-5.264524236,TRUE
zinc_649725281,C=CCCCCN(C)[C@@H](CC)CO,-4.009511861,TRUE
zinc_11892468,CCCN1CC[C@H](CO)C1,-4.785334375,TRUE
zinc_1857779463,CC(C)(CO)C[C@H]1CO1,-4.780650953,TRUE
zinc_34161146,CN1CC(O)C1,-5.488886346,TRUE
zinc_394456604,CC[C@@H](C)CCNC[C@@H](C)O,-4.265942667,TRUE
zinc_2038051,CCCCOCCCCO,-4.434969368,TRUE
zinc_72193730,C[C@@H](O)C1CN(C)C1,-4.842096955,TRUE
zinc_3882398,C=CC[C@@H](NC[C@H](C)O)C(C)C,-4.071525741,TRUE
zinc_82680444,CCNC[C@H](O)C(F)(F)F,-4.46102153,TRUE
zinc_336553258,CCN1CCC[C@H](C)[C@@H]1CO,-4.702239938,TRUE
zinc_34161147,CCN1CC(O)C1,-4.725001685,TRUE
zinc_82680483,COCCNC[C@@H](O)C(F)(F)F,-4.430313239,TRUE
zinc_19092057,C[C@H](N)CCO,-4.67188479,TRUE
zinc_2567300,CCNCCCCO,-4.591653478,TRUE
zinc_19943449,C[C@H](O)CN1CCOCC1,-5.747235279,TRUE
zinc_32218695,C[C@H](O)[C@@H](C)OCC(C)(C)C,-5.828608893,TRUE
zinc_145093733,CCOC(OCC)C(C)(C)O,-5.619004518,TRUE
zinc_1641417,C[C@H](O)CN(C)C[C@H](C)O,-5.508891339,TRUE
zinc_409439755,OCCN1CCC[C@H](C(F)F)C1,-4.615231894,TRUE
zinc_87689945,CC(C)N(CCO)CCF,-4.782960993,TRUE
zinc_238468080,C=C(C)CN1CCC[C@@H]1[C@H](C)O,-4.034685627,TRUE
zinc_306475279,C[C@H]1CN(CCF)C[C@H]1O,-5.572331339,TRUE
zinc_238322869,CN1C[C@H](O)[C@@H](F)C1,-3.305964713,TRUE
zinc_40229407,CC(C)[C@H](C)N(C)CCOCCO,-5.534546172,TRUE
zinc_715017780,C=CC[C@H](C)NC[C@](C)(O)C(F)F,-4.09305657,TRUE
zinc_54346826,COCC1(O)CC1,-5.551663979,TRUE
zinc_157292799,COCCCCN(C)C[C@@H](C)O,-5.542816785,TRUE
zinc_650190381,C=C(CC)CN1CC[C@@H](O)[C@H]1C,-4.05110755,TRUE
zinc_42436399,CC[C@H](O)CCOC,-4.91219503,TRUE