solvent ID,smiles,EA_0-1,protic
zinc_674912368,COC[C@H](C)N1C[C@@H]2CCC[C@H]2C1,-4.129379593783035,False
zinc_132906027,CC[C@@H](NCCOCC(C)C)C1CC1,-4.305888878754007,True
zinc_44415169,CC[C@@H](C)N(CCO)CCOC,-4.815562675648782,True
zinc_20282330,C[C@H]1CO[C@H](C)CN1,-4.394732926424044,True
zinc_308167491,C=C(CC)CN(C)CCOCC,-4.014795330565926,False
zinc_213379948,CC1(C)CO[C@@H](CO)C1,-5.7485232082895,True
zinc_307146552,CCO[C@H](CO)C1CC1,-4.801062516063593,True
zinc_83054080,CC[C@@H](N[C@H](C)COC)C1CC1,-5.561022389636326,True
zinc_44688411,CCOC[C@H](C)NCC(C)C,-5.623263991710225,True
zinc_70236056,CC[C@H](C)NC(=O)COC,-4.261837900518502,True
zinc_132407266,CCOC[C@H](C)NCCCCOC,-5.369631108810156,True
zinc_886336489,COC[C@H](C)N1C[C@H]2C[C@H]2C1,-5.883377610364355,False
zinc_233714974,CCO[C@H]1C[C@H](CO)C1,-5.432316111916138,True
zinc_379413264,COC[C@@H](CC(C)C)NC1CCC1,-5.392775231085796,True
zinc_388591366,COC[C@H](C)NCC1(C(F)F)CC1,-5.216944775128241,True
zinc_308042007,CCN(C[C@@H](C)OC)[C@@H](C)C#N,-3.574452540933865,False
zinc_62462863,OCCCOCC1CC1,-4.424967585493471,True
zinc_648539016,C=CCCCC[C@@H](C)NC[C@@H](C)OC,-4.028304634197114,True
71366347,C1[C@@H]2[C@@H](O1)CO2,-0.2799264766852429,False
zinc_379329200,COC[C@@H](CC(C)C)NCCF,-5.461602754402435,True
zinc_72275950,C[C@H](O)[C@@H]1CCOC1,-4.439655726424231,True
zinc_205762812,COC1CN(CC(C)C)C1,-4.267200528496955,False
zinc_70623614,CC[C@H](COC)NC1CCCCC1,-5.6020858196889,True
zinc_306213121,COCCN1CC[C@@H](S)C1,-3.8574797036255513,False
zinc_658193628,CCOC[C@@H](C)NCCC(C)(C)F,-5.531750943008124,True
zinc_87477039,CCCCN[C@H](COC)C1CC1,-4.406835158551084,True
zinc_1720743,CNCCOC,-4.34102099481905,True
zinc_69049532,OCC[C@H]1CCCO1,-5.442351896373328,True
zinc_2572624,COCCOC(=O)OC,-4.349040283938108,False
zinc_1766635,CCCC[C@@H]1CO1,-4.545568949222986,False
zinc_44657646,CC[C@H](NCCCCOC)C(C)C,-5.480738161659241,True
zinc_160496036,CO[C@@H](C)C(=O)N1CCCC1,-4.228023351295986,False
zinc_1718828,COCCNCCOC,-4.367522269430116,True
zinc_42250634,C#CCN(CCOC)CC(C)C,-3.680827324351125,False
zinc_19428698,COCCCC#N,-3.694860858031268,False
zinc_886348261,CC[C@@H](CN1C[C@H]2C[C@H]2C1)OC,-5.92149096994534,False
zinc_388382286,CO[C@H](C)CN(C)[C@H](C)C(C)C,-5.469794532639046,False
zinc_308189007,COCC(C)(C)NCCCCCF,-4.376475322278608,True
zinc_232637805,CC(C)COCCN(C)C[C@@H](C)O,-5.578433552330635,True
zinc_649694064,C=CCCCN(C(C)C)C1COC1,-3.949796516064231,False
zinc_85058719,C=C(CC)CNC.C=CCOC,-3.826653322280784,True
zinc_663464855,CC[C@H](NCCOCCF)C(C)C,-5.323368783422241,True
zinc_308161624,C[C@H]1CN(CCCCCF)CCO1,-4.574385517100819,False
14020437,C1C[C@H]2C[C@@H]1CO2,-5.489057380310376,False
zinc_649693846,CCCCN(C(C)C)C1COC1,-5.91765180725386,False
zinc_2031625,CCCCOC,-4.419153258031675,False
zinc_1654086,CCOCCCCC(C)(C)O,-5.703350538861368,True
58056785,C1COCC1(F)F,-4.753781313987844,False
zinc_648606484,CC(C)CCCN(C(C)C)C1COC1,-5.467270889118849,False
zinc_675640242,COC[C@@H]1CCCN1CC1CC1,-5.454769334715636,False
zinc_967428,CCC[C@H]1CO1,-5.9917345367884565,False
zinc_126766585,C=CCC[C@@H](C)NCCOCC,-3.9846003316080014,True
zinc_306640259,CC(C)[C@@H]1CN(CCF)CCO1,-5.502170109848893,False
zinc_379153454,CCOCCN(C)[C@H](CC)CO,-4.776724225907497,True
zinc_674868297,CC[C@@H]1CCN([C@@H](C)COC)C1,-5.353901701552116,False
zinc_586500,CCN(CC)C[C@H]1OC1(C)C,-5.390949653886498,False
zinc_336555741,CO[C@@H]1CCCN(CC2CC2)C1,-5.501806837304576,False
zinc_70623658,CCCCN[C@H](CC)COC,-4.348169405180887,True
zinc_51863092,CC(C)NCCOCCN(C)C,-4.386812922281264,True
zinc_1565877,CCCC[N]1([O])CCOCC1,-5.890831177201131,False
zinc_141737567,CC(C)N1C[C@H](C)OC(C)(C)C1,-4.248058627977182,False
zinc_319386485,C=CC[C@H](C)NC[C@](C)(CC)OC,-4.062150087045971,True
zinc_144783383,COC1CN(C(=O)C)C1,-4.277255038340754,False
zinc_62463053,OCCCOC1CCC1,-4.969531361658039,True
zinc_335587792,C=C1CCN(C[C@@H](C)OC)CC1,-4.048274574095581,False
zinc_252711924,CCOC[C@H](C)N[C@@H](C)[C@H](C)OC,-4.406720785487594,True
zinc_39238416,CCOCC1CC1,-5.911072756478296,False
zinc_159033790,CC(C)OCCN[C@H](C)[C@@H](C)O,-4.374501747148696,True
zinc_308135205,COC[C@H](NCCCCF)C1CC1,-4.212705875649627,True
zinc_131942854,CCC(CC)N[C@@H](C)[C@@H](C)OC,-5.50983340103774,True
zinc_307225134,CC[C@](C)(C=O)COC,-3.579703867357224,False
zinc_87501069,COC[C@@H](CO)C1CC1,-5.364646113991408,True
zinc_308308647,CCOCCN[C@H](C)CCCOC,-5.319919701554337,True
zinc_1555811,CCCCCOCC,-4.407928236270033,False
zinc_39212281,CC1(O)CCOCC1,-4.872246366840299,True
zinc_44656209,CCCCNCCCCOC,-4.3321317160617285,True
zinc_4283944,CCCOCCO,-4.428506225906905,True
zinc_663462507,CC[C@@H](NCCOCCF)C1CC1,-5.387544219690982,True
zinc_115587859,COCCN1CCC1,-5.549974464249472,False
zinc_53302853,C=CCCNCCOC,-3.953811589637025,True
zinc_830217983,CCCCCCN(C(C)C)C1COC1,-5.552344559583551,False
zinc_379412396,C=C(C)CN(CCCC)CCOC,-4.038083355438881,False
zinc_308051915,C=C(CC)CN(C)C[C@@H](C)OC,-4.0603824642474775,False
zinc_648638722,CCC(CC)CN1CCOC[C@@H]1C,-5.515405106735321,False
zinc_649696352,FCCCN(C1CC1)C1COC1,-5.584327469428857,False
zinc_134717145,COC1(CNC(C)C)CCC1,-5.330556341967049,True
zinc_308373046,COCCN(C)C(=O)CCC(C)C,-4.344894563730325,False
zinc_608746432,COC[C@H](C)N1CC[C@H](CC(C)C)C1,-5.49614937202484,False
zinc_83398863,CCC(CC)N[C@@H](COC)C(C)C,-5.572408153363908,True
zinc_594733986,C=C1CCN(CCOC(C)C)CC1,-4.084045077723651,False
zinc_39274406,COC[C@@H]1OC1(C)C,-5.606475912951499,False
zinc_70624380,CC[C@H](COC)NC1CCC1,-5.445228304663612,True
zinc_389299713,CO[C@H](CN[C@@H]1CCC[C@H]1C)C(C)C,-5.162827135750395,True
zinc_307979536,CO[C@H](C)CN(C)CCCCF,-4.205538093263644,False
zinc_161594569,CO[C@@H](C)[C@H](C)NC1CCC1,-5.44537166839427,True
zinc_37186358,CCCC[C@H](C)NCCOC,-5.586138551296102,True
zinc_661243892,C=CCCCN(CC=C)[C@@H](C)COC,-3.924958594815469,False
zinc_649733957,CCCCCN1C[C@@H](CC)OC[C@H]1C,-5.190112855959332,False
zinc_663383885,C=CCN(CC1CC1)[C@H](C)COC,-3.981137993783897,False
zinc_649694921,C=CCCCCN(C(C)C)C1COC1,-3.983482951293497,False
zinc_34925166,C[C@@H](CO)N1CCOCC1,-4.753786810364036,True
zinc_97048995,CCO[C@H]1C[C@@H]1CO,-4.813294074610889,True
zinc_1847864,CCOCCN,-4.410282489117668,True
zinc_1169900712,C=CCN(CCOC)C[C@@H]1C[C@H]1CC,-3.902497100519684,False
zinc_132214672,CO[C@H](C)[C@H](C)NCCO,-5.544856532641541,True
zinc_45328862,CCCNC1COC1,-4.376403734715862,True
zinc_308016471,CC[C@@H]1CC[C@H]1N[C@@H](C)COC,-5.431689444558942,True
zinc_52602181,CCNC[C@H](C)OC,-4.414208462177303,True
zinc_639248529,CC[C@H]1CN(C[C@@](C)(CC)OC)C1,-5.650123689120827,False
zinc_134174024,C[C@H]1CCC[C@@H](C)N1C[C@H]1CO1,-5.512821326426412,False
zinc_308632433,CC[C@H](COC)N[C@@H](C)CCC1CC1,-5.25963437720323,True
zinc_642681004,CC[C@H](CN(C)CCCOC)OC,-5.603387301555907,False
zinc_642722226,CCOCCN1C[C@H](C)[C@H](C)[C@@H]1C,-5.332168907771774,False
zinc_32213988,C1CC[C@H]2COC[C@H]2C1,-5.316379040413913,False
zinc_164007457,CO[C@@H](C)[C@H](C)N[C@@H](C)C[C@H](C)O,-5.313326667356875,True
zinc_44480703,CCOCCNC1CCC1,-5.432104905699138,True
zinc_644919975,COCCN(C)C[C@H](OC)C1CC1,-5.289188213468844,False
zinc_656657903,CCOC1CN(CCCC(C)C)C1,-4.429474207254028,False
zinc_388381051,COC[C@@H](C)N[C@@H]1CCC[C@H]1C,-5.345299177198831,True
zinc_53302809,COCCNCCC(F)F,-4.297088026941838,True
zinc_34770970,CC(C)C(C(C)C)N1CCOCC1,-3.996111730569471,False
zinc_388208170,CCCC[C@H](C)N(C)C(=O)COC,-4.196742441448555,False
zinc_674467440,COCCCN1CC[C@H](OC)C1,-5.4043688601055,False
zinc_678182645,CCC(CC)CN1CCOC[C@H]1CC,-6.055953620726521,False
zinc_70558599,COC[C@H](O)CNCC(C)C,-5.166798480830298,True
zinc_161571242,CCC[C@H](CC)N[C@H](C)[C@@H](C)OC,-5.619655137823499,True
zinc_379308286,CC[C@H](C)NC1(COC)CC1,-5.506721456995242,True
zinc_85508501,CO[C@@H]1C[C@@H](O)C1(C)C,-4.492122136786408,True
zinc_82764614,C[C@@H](CO)CC1CCOCC1,-4.814551423835012,True
zinc_395048,CC[C@](C)(O)CC(C)(C)OC,-5.782742441450779,True
20147457,C1C[C@H]2[C@H]1CO2,-1.0299082238347306,False
zinc_669687654,CC(C)COCCN1CCCC[C@@H]1C,-5.390228928495888,False
zinc_397108528,CC[C@H](CN(C)CCCO)OC,-5.617123546115063,True
zinc_167081773,CO[C@@H](C)CN[C@@H](C)C1CCCC1,-5.209496785492755,True
67511,C1[C@@H]2[C@@H](O2)CO1,-4.320130169947734,False
zinc_233726233,CCOC[C@@H](NCC1CCC1)C(C)C,-5.448645243523197,True
zinc_133117635,COC(C)(C)CN[C@@H](C)C1CC1,-5.242189751295057,True
zinc_659849729,COCCN(C)C[C@H]1CC=CC1,-4.167957962692069,False
zinc_130995429,FC(F)COCCNC1CCCC1,-5.289409442484984,True
zinc_679862068,C=C(C)CN(C)C[C@@H](C)OC,-4.040369927462622,False
zinc_5380285,COCCNC(=O)C(C)C,-4.714420816580916,True
zinc_385024990,CCCCNC(COC)COC,-5.500871861142009,True
12708563,C[C@H]1CCC[C@@H](O1)C,-4.733753796892783,False
zinc_78456441,C[C@@H]1OC[C@@H]1O,-4.683451313989973,True
zinc_1693640,CCCCCOCCCCC,-4.598754360620236,False
zinc_41043291,CCOCCNCC(C)(C)C,-4.324877662177311,True
12607503,C=C1COCC1=C,-2.7408501595854675,False
157568,C1COC[C@@H]1C=O,-3.440884613470028,False
zinc_168976282,C=C(C)CCN[C@@H](C)COCC,-4.090122288080516,True
zinc_1571067,COCCC(=O)C,-3.6983219564764567,False
zinc_752087775,CO[C@@H]1CCN(CCOC(C)C)C1,-5.560289243523033,False
zinc_113073424,COCCN1CCC(C)(F)CC1,-5.364279069432563,False
zinc_403207,COC[C@H]1COC(=O)O1,-3.9522204974085353,False
zinc_5514115,CCCCOCCOC,-4.428429276683101,False
zinc_396963595,CC[C@H](CN(C)CC(=O)OC)OC,-3.928926383419544,False
zinc_336555736,C[C@H]1COC[C@H](C)N1CC1CC1,-5.41974806217638,False
zinc_200174426,CC(C)[C@@H]1C[N@@](C2CCCC2)CCO1,-5.478896741968906,False
zinc_393414762,COC[C@@H](C)NCC(C)(F)F,-4.211469191710944,True
zinc_42459214,COCCN(C)C[C@H](C)C#N,-3.64336676684012,False
zinc_19093337,COCCNCC1CC1,-4.329477937822821,True
zinc_53550220,CCC(CC)NC[C@@H](C)OC,-5.779452107773732,True
zinc_649694121,CC(C)N(CCCCF)C1COC1,-5.502542596892364,False
zinc_1320117573,CO[C@H](C)CN1C[C@H]2CC[C@@H]1CC2,-5.481108574091812,False
zinc_635906636,CC(C)OCCN1[C@H]2CC[C@@H]1CC2,-5.488151125387774,False
zinc_146916830,CCCC[C@H](CC)OC(C)(C)C,-5.456202998963407,False
zinc_1672246,CCCCOCCN,-5.9323897658027365,True
zinc_98214188,CCNC1(CC)COC1,-4.445809347148964,True
zinc_379573281,COC[C@H](CC(C)C)NCC1CCC1,-5.298624839377202,True
zinc_2572897,CCCCNCCOCC,-4.339491332643628,True
zinc_12137833,CO[C@H](C)CN,-5.697558762693808,True
zinc_45621996,C[C@H](O)CCCOC(C)(C)C,-5.841957724352264,True
10219385,C1COC[C@@H]1C#N,-3.587832060103238,False
zinc_666884099,COCCN(C)C(=O)CCCF,-4.251732091193189,False
zinc_322719795,CC[C@](C)(CNCCCF)OC,-4.298296717100129,True
zinc_133268428,CCOC[C@@H](C)N[C@@H](C)CC1CCC1,-5.335494779275118,True
zinc_393342,CCO[C@@H](C)CCO,-5.696466870465271,True
zinc_308403139,CC[C@@H]1CC[C@@H]1NCCOC(C)C,-5.4085537554435685,True
zinc_161875058,CCOC[C@@H](C)NCCC1CCC1,-5.403025401033138,True
zinc_307967747,C1CC(OCCN2CCCC2)C1,-5.266540381347207,False
zinc_70656364,CC[C@@H](S)COC,-3.848187411398032,False
zinc_379311644,C[C@@H]1COCCN1CCCCF,-5.502501778239296,False
zinc_679850407,CO[C@H](C)CN(C)CC(F)F,-5.376039637305123,False
zinc_38171511,CC(C)C(C)(C)[C@]1(C)O[C@H]1C,-5.588397479793283,False
zinc_51696358,CCCC[C@@H](COC)NCCC,-5.563327794819088,True
zinc_85350969,COC(CN1CCO[C@H](C)C1)OC,-5.57070379274643,False
zinc_378759039,COC[C@@H](C)N[C@@H]1CCC[C@H]1OC,-5.552681185492677,True
zinc_308603371,CC[C@@H](CN[C@H](C)CCC1CC1)OC,-5.20110385077794,True
zinc_307701902,CC[C@@H]1CN(CCF)C[C@H](C)O1,-5.48976169740976,False
zinc_169154087,CCCOC[C@H]1COC(=O)O1,-5.384438634196318,False
zinc_14444687,CO[C@H](C)C(=O)C,-3.5875985720192043,False
zinc_591374091,CO[C@H](CC(C)C)CN(C)CC#N,-3.5661436953372343,False
zinc_308627183,C=C[C@@H](COC)NC(CCC)CCC,-3.9732172891196704,True
zinc_37184400,CCCN[C@@H]1CCCC[C@H]1OC,-5.651700609323782,True
zinc_378828552,C=CCCCNC[C@@H](CCC)OC,-3.995319121244661,True
zinc_388340253,CCCC[C@@H](C)N[C@@H](C)[C@H](C)OC,-5.604476418653627,True
zinc_2040158,COC1CCCCC1,-4.581281983419216,False
zinc_642526411,CCOCCN(CC(C)C)C1CC1,-4.04091959170751,False
zinc_158288367,CCOCCN[C@@H]1C[C@H](C)C1,-5.356659452849634,True
zinc_36951001,COC[C@H](O)CNC(C)C,-5.4264055440422085,True
zinc_33611403,CCOCCN(C)CCCN(C)C,-4.250441655960943,False
zinc_1724633,CCC[C@H]1CCO1,-4.785597796891977,False
zinc_16083064,NC1COC1,-4.390599007254846,True
zinc_238171699,CC1(C)OCC[C@H]1CO,-5.56560911295265,True
zinc_308575214,C=CCC[C@@H](CCC)NC[C@H](C)OC,-3.984350543005154,True
zinc_307690560,COC[C@@H](C)N[C@H]1CC[C@@H]1C,-5.51734074611233,True
zinc_35881834,C[C@@H](O)[C@H]1CO1,-4.770610265285079,True
zinc_87476805,COCCN[C@@H](COC)C1CC1,-5.688608835234557,True
zinc_162348656,CCCCN(C)C(=O)COC(C)C,-4.270639695336601,False
zinc_335425962,CC(C)N[C@H]1CO[C@@H](C)C1,-5.360847958550505,True
zinc_20254956,CCCCN1CCOCC1,-5.5849928538855,False
zinc_528769623,COCCN1CCC(F)(F)C[C@H]1C,-4.784314016577489,False
zinc_20230620,CCN1CCOCC1,-5.636318147150057,False
zinc_388284316,CCCCCN1CCO[C@@H](C)[C@H]1C,-5.891770572018827,False
zinc_44692124,CCOC[C@H](C)NC1CCC1,-5.420288781346253,True
zinc_669688973,CCCN(C)CCOCC(C)C,-4.429421964765052,False
zinc_637831695,CC[C@H](C)[C@@H](CN(C)CCO)OC,-5.953712864246278,True
zinc_308478183,COCCC[C@@H](C)N[C@H](C)COC,-4.386263716064152,True
zinc_306527589,COC[C@@H](C)N1CC[C@@](C)(F)C1,-3.3627790238337827,False
zinc_42319024,COC[C@@H](C)N(C)CCO,-4.083123061141236,True
zinc_658115242,C=CCCN[C@@H](COC)CC(C)C,-3.976958271500187,True
zinc_792407336,C=CCN(CCCCCC)CCOC,-3.905415432126819,False
zinc_679850671,CO[C@@H](C)CN(C)CCC(F)(F)F,-4.767801214509109,False
zinc_82764620,C[C@@H](CO)C[C@H]1CCOC1,-4.2867104435226935,True
zinc_167356824,COCCN1CCC[C@H]1COC,-4.499112715023659,False
zinc_37688394,CC[C@H](O)CN[C@@H](C)COC,-4.271370227978463,True
zinc_308055455,C=CCCCCN[C@@H](C)COC,-4.000728737824975,True
zinc_233786546,CCOC[C@H](N[C@@H](C)C1CC1)C(C)C,-5.491175235232623,True
zinc_168617252,CO[C@@]1(C)CCCN(C(C)C)C1,-5.87813272331546,False
zinc_306427419,COC[C@@H](C)N1CCCCCCC1,-5.749810545078287,False
zinc_929202465,C[C@H](C1CC1)N(C)CCOC1CC1,-5.375771177201108,False
zinc_658192653,CC[C@@H](COC)NCCC(C)(C)F,-5.283562055960847,True
zinc_308489962,CC[C@H](COC)NCC[C@@H](C)OC,-4.094709765805258,True
zinc_32219668,COC(C)(C)CC(C)(C)C,-5.803321535751434,False
zinc_104585255,CO[C@@H](C)[C@H](N)CO,-6.175559871501695,True
zinc_96528819,COCCCCNC[C@H](C)OC,-5.3816803170986125,True
zinc_306456240,C[C@@H]1CN(CC2CC2)CCO1,-5.613641566841141,False
zinc_44690629,CCCCCCN[C@@H](C)COCC,-4.580939726421828,True
zinc_662130495,COC[C@@H](C)/N=C/C[C@@H](CC1CC1)C,-3.669477556474552,False
zinc_379398267,CC[C@H](COC)NC[C@@H](CC)OC,-5.104631807251681,True
zinc_146201645,C[C@H]1C[N@@](C2CCCC2)CCO1,-5.34447905906872,False
zinc_308403454,C=CCN(CCOC)CCC(C)C,-3.895908134715861,False
zinc_52602135,CNC[C@H](OC)C(C)C,-4.429360858030754,True
zinc_167005572,CC[C@@H](CO)NC[C@H](C)OC,-4.343911197927597,True
zinc_932974608,CCCCN1CC[C@H](OCC)C1,-5.355797653887154,False
zinc_308049482,C=CCCCN1CCO[C@H](C)C1,-3.99825836062325,False
zinc_642649455,CC[C@@H](CN1CCO[C@@H](C)C1)OC,-5.394397927463605,False
zinc_307722542,CO[C@H]1CN(C[C@@H](O)CF)C1,-4.719761970986196,True
zinc_45657418,COC[C@H](C)CNCC1CC1,-5.159638431087728,True
zinc_620119230,CCC(CC)N(CCOC)C1CC1,-5.669712520207326,False
zinc_76570063,CNC1(C)COC1,-4.447542509843755,True
524394,C1COC[C@@H]1Cl,-2.230993823835873,False
zinc_306607444,C=C(C)CCN1C[C@H](C)O[C@H](C)C1,-4.077361434199254,False
zinc_43522169,CCN(CCOC)[C@@H](C)C#N,-3.5206999523321247,False
641551,C[C@H]1CCCOC1,-4.595016180310192,False
zinc_740874800,CCCCCCN1C[C@H](C)OC[C@@H]1C,-5.545071483938007,False
zinc_49805253,CC(C)OCCCN(C)CCO,-5.474346607255688,True
zinc_668816522,C[C@@H]1C[C@H]1CNCCOCCF,-4.350236364763953,True
zinc_386892613,CC[C@@H](N[C@H](C)[C@@H](C)OC)[C@H](C)O,-4.854559658028442,True
zinc_201993335,CC(C)OCCN1CC[C@@H](F)C1,-4.40065976787713,False
zinc_70963527,CC[C@@]1(O)CCOC1,-4.589421007253635,True
zinc_41053949,CO[C@@H](C)[C@@H](C)N,-4.768848812435377,True
zinc_88024996,CC[C@@H](COC)NCCCF,-5.677740996892006,True
zinc_307258927,CC[C@@H](F)CN1CCOC[C@@H]1C,-5.4390475253874095,False
zinc_590125789,CCOCCN1CCC[C@@H]1CC,-5.508885303623385,False
zinc_231788859,COC(C)(C)CN[C@@H]1C[C@H](C)C1,-5.282465098445769,True
zinc_334146834,CO[C@@H]1CN(C(C)C)C[C@H]1OC,-5.420227620723451,False
zinc_221678538,COC[C@@H](C)N[C@@H](C)CC(F)(F)F,-4.734115075643639,True
zinc_87978912,CCOCCN(C)C[C@H](O)C(C)C,-4.715784105700606,True
zinc_128466416,CO[C@@H](C)[C@H](C)N[C@H]1CC[C@@H](C)C1,-5.3944966466351,True
zinc_642651274,C=CCN(CC=C)C[C@H](CC)OC,-3.898735749222118,False
zinc_661241488,C=CCN(C[C@H](C)CC)[C@@H](C)COC,-3.90600675025676,False
zinc_575521704,CO[C@@]1(C)C[C@H]1NC(C)C,-4.180429610361841,True
21679857,C[C@H]1CCO[C@@H](C1)C,-4.63631886424713,False
zinc_1647805117,CC[C@H](C)[C@H](C)N(C)CC1(C)COC1,-5.448335991708833,False
zinc_2025033,O[C@H]1COC[C@H]1O,-4.439505115025249,True
zinc_664805740,CC[C@@H](C)CN1CCO[C@@H](CF)C1,-5.406467801032907,False
zinc_238375561,CO[C@@](C)(CO)C1CC1,-4.723388957513559,True
zinc_20041869,CCCCCN[C@@H](C)COC,-4.5401148227971095,True
zinc_1656342,C[C@H]1CNCCO1,-4.398906802073135,True
zinc_642693288,CC[C@@H](CN1[C@@H](C)CC[C@H]1C)OC,-5.37543686839349,False
zinc_39136800,C=C(C)CCN1CCOCC1,-4.061224109845392,False
zinc_130977081,CCC(CC)NCCOCC(F)F,-4.344398785491069,True
zinc_673092778,CCOCCN(C)C1CCCC1,-5.374275247666753,False
zinc_83055048,CCOCCN[C@H](CC)C1CC1,-4.403841898445605,True
zinc_157155627,CO[C@@H](C)[C@H](C)NCCC(F)(F)F,-5.945734366837568,True
58714644,C[C@H]1CCOC[C@H]1C,-4.516103539896399,False
zinc_70623634,CC[C@H](COC)NCC1CC1,-5.58789631295331,True
zinc_147805555,CC[C@H](CN1CCOCC1)OC,-5.538858130566898,False
zinc_68910530,COC[C@H](O)C1CC1,-5.543537941967987,True
zinc_929753872,C[C@H]1CCCN1CCOC1CC1,-5.241913181343419,False
zinc_53584833,C=CCCOCCN[C@@H](C)CCC,-3.9530637595865112,True
zinc_300240705,CO[C@@H](C)[C@H](C)NC[C@H]1CCC[C@@H]1C,-5.506679695336245,True
zinc_133740454,CCN[C@@H](C)C1(OC)CCC1,-5.330126627977752,True
zinc_307996691,CC[C@H](CN[C@@H](C)C1CC1)OC,-5.140053830051192,True
zinc_19735453,CCOC[C@@H](N)CC,-5.869241720207195,True
zinc_104618000,CO[C@H](C)CNC[C@@H](C)O,-5.340886101553878,True
zinc_2037589,COCCCCCO,-6.247356406216761,True
zinc_35098294,CCOCCN[C@@H](C)C(C)C,-5.4843625347151725,True
zinc_59711481,COCC[C@H]1CO1,-4.396697718135262,False
zinc_53171907,COC[C@@H](C)NC1CC1,-4.234314031087451,True
zinc_308586947,C=CCC[C@H](CCC)N[C@H](C)COC,-4.058947695337455,True
zinc_148813518,COCCN1CC[C@H](F)C1,-4.591387523315795,False
zinc_19905070,COC[C@H](C)NC1CCCCC1,-5.466614018652164,True
zinc_656503071,C=CCN(CCOC)C[C@@H](C)O,-3.8755723088077714,True
zinc_19904386,COC[C@H](C)NC1CCCC1,-5.491551090154413,True
zinc_382114248,CO[C@H](C)[C@H](C)NCCC(C)(F)F,-5.342386773057538,True
zinc_382165460,C=CCOCCN1C[C@H](C)C[C@@H]1C,-3.781589637306237,False
zinc_164062452,CO[C@H](C)CN(C)CCC#N,-3.7230378797922574,False
zinc_669687618,CC(C)COCCN(C)C1CCCC1,-5.382623726424509,False
zinc_308120825,C[C@@H](O)[C@H](C)O[C@H](C)CC(C)(C)C,-5.743275357510747,True
zinc_56958888,C1CCC(N2CCOCC2)CC1,-5.530229309842975,False
zinc_44193004,CCOCC[C@H](C)O,-4.8220130196912505,True
zinc_133641564,CO[C@H](C)[C@@H](C)N[C@@H](C)CC1CC1,-5.426933734712391,True
zinc_625767469,COCCN1CCCC(F)(F)CC1,-4.5644745865279095,False
zinc_388255481,C=CCC[C@H](C)NC[C@@H](CC)OC,-4.018038594819077,True
zinc_1648981,CCC1(CC)CO1,-5.874293075648888,False
zinc_395703413,CC[C@@H](N[C@H](C)COC)[C@H](C)O,-5.225538327460729,True
zinc_307670068,COC[C@@H](C)N1CCO[C@@H](C)C1,-5.798537939896903,False
zinc_50404550,CCC[C@@H](CC)NCCOC,-4.374260149223166,True
zinc_660928238,COCCN1C[C@@H]2CCCC[C@H]12,-5.506603365801132,False
zinc_40571748,CC1(N)COC1,-5.755210435233979,True
zinc_19904459,COC[C@H](C)NCC1CCCCC1,-5.523363369949774,True
zinc_113356446,CCC[C@H](C)N1CCOCC1,-5.710325409325779,False
zinc_66054516,C[C@@H]1COC[C@@H]1CO,-4.808412406217808,True
zinc_895969457,CC[C@@H](C)CN1C[C@H](COC)C1,-5.566210992748388,False
zinc_663340179,C[C@H](NCCOCCF)C1CC1,-5.380640532642388,True
zinc_233769783,CCOC[C@H](N[C@@H]1C[C@H](C)C1)C(C)C,-5.587604654922116,True
zinc_6293198,N[C@H]1CCOC1,-5.316184592745032,True
zinc_663340575,FCCOCCNCC1CC1,-4.328941394819,True
zinc_167461093,CC(C)O[C@H](CO)CCO,-5.573144397925255,True
zinc_23550028,C[C@@H]1CCC[C@@H](N2CCOCC2)C1,-5.803760679790836,False
zinc_5736100,C[C@H]1OCC[C@@H]1O,-5.349585378238639,True
zinc_651396608,CCC1(N[C@@H](C)[C@@H](C)OC)CC1,-5.409931890155269,True
zinc_397747423,CC[C@@](C)(CNCCC=C(C)C)OC,-4.256954076684828,True
zinc_1847634,C1CCCC2(CCC1)CCOC2,-4.452590093264794,False
zinc_306503578,CCNC(=O)[C@H](CC)OC,-4.388605925388719,True
zinc_307945586,CC(C)COCCN1CCCC1,-5.574683220722047,False
zinc_929290107,COCC(COC)N(C)CC1CC1,-5.63034924766805,False
zinc_657016645,CC[C@@H](COC)N[C@@H]1C[C@H]1CC(C)C,-4.352245369947748,True
zinc_35116661,CCOCCNC[C@@H](C)O,-4.262165554403768,True
12918678,C1COC[C@@H]1C=O,-3.440884586527308,False
zinc_2039437,CCOC[C@@H](C)O,-4.80531156269398,True
zinc_38292314,CO[C@@H]1COC[C@H]1O,-4.795044688083958,True
zinc_238833405,CO[C@@H]1CCC[N@@](C2CCCC2)C1,-5.312802760623625,False
zinc_308164927,CO[C@H](CNC(C)C)C(F)(F)F,-4.391010157510793,True
zinc_663461322,CC[C@H]1CC[C@H]1NCCOCCF,-5.199688292226555,True
zinc_642699439,CC[C@H](CN1[C@@H](C)CC[C@H]1CC)OC,-5.697528829014584,False
zinc_642692351,CC[C@@H](CN1CCC[C@@H]1C)OC,-5.316399840416016,False
zinc_130216328,CC(C)COCCN[C@H]1CCC[C@@H]1C,-5.586800029015427,True
zinc_45069359,C1CO[C@@H](C2CC2)C1,-5.809763284974251,False
zinc_44657342,COCCCCNCC1CC1,-4.315381573055905,True
zinc_88024336,COC[C@@H](C)NCCCF,-4.362298694299604,True
zinc_397113056,CC[C@H](CN(C)CC#N)OC,-3.554612412435339,False
zinc_682435048,C=CCCN(C)C[C@@H](C)OC,-3.958014860103277,False
zinc_880239728,CC[C@@H](CN1CC[C@H](F)CC1)OC,-6.0041468290160624,False
zinc_42493887,CCN(CCOC)CC(=O)C,-3.666063985491755,False
zinc_638274677,CC[C@](C)(CN1CC[C@@H]1C(C)C)OC,-5.462994360624349,False
zinc_880239733,CCOCCN1CCC(F)CC1,-5.400793415544134,False
zinc_147796474,COCCCCN1CCCC1,-5.390308652850508,False
zinc_135063385,C=CCCCNC(C)(C)COC,-3.9992258300525614,True
zinc_388423711,CCCCCCN(C)CCOC,-4.613416447666371,False
zinc_675639949,CCN(CC1CC1)[C@H](C)COC,-5.613615674609775,False
zinc_200297321,CNC[C@@H]1CCO1,-5.625047510882133,True
zinc_22176742,C1CCCN(C[C@@H]2CO2)CC1,-4.564261305698477,False
zinc_880239674,CO[C@H](C)CN1CC[C@H](F)CC1,-5.2778354010342525,False
zinc_378860067,C[C@@H]1CN(CCCCF)CCO1,-5.51793451606504,False
zinc_388496916,C=CCN(CCOC)[C@@H](C)CC,-3.973823668395636,False
535110,C[C@H]1COCC1=C,-3.875424741969872,False
zinc_379592255,C=CCC[C@H](NC[C@@H](C)OC)C1CC1,-3.986066084974057,True
zinc_200982543,COCCN1CCC(COC)CC1,-5.596017446633105,False
zinc_1119246075,CCC[C@H](CN(C)C[C@H](C)O)OC,-5.071495952333574,True
zinc_605903394,C=CCCCN(C)CCOCC,-4.010971013469519,False
zinc_307734535,CO[C@@H](C)[C@@H](C)N[C@@H](C)C#N,-3.592389200000296,True
zinc_160971942,CO[C@H](C)C(=O)N[C@@H](C)CC(C)C,-4.305451836269757,True
zinc_33611208,CCN(CC)C(=O)[C@H](C)OC,-4.016646234200997,False
zinc_388253033,CCC[C@@H](C)[C@@H](CC)NCCOC,-4.249815635233627,True
643059,C[C@H]1CCOC[C@H]1C,-4.507427056994951,False
zinc_2516941,COCCNC(C)C,-4.404646443522602,True
zinc_308464210,COCCN[C@@H](C)CCC=C(C)C,-4.315912484974527,True
zinc_44231746,OCCOCC1CC1,-5.910137861139296,True
642974,C1[C@@H]2[C@@H](O2)CO1,-4.339220447667223,False
zinc_19943523,CC(C)CN1CCOCC1,-5.602382623834797,False
zinc_644920936,CO[C@@H](CN1CC[C@@H](C)C1)C1CC1,-5.409305168911101,False
zinc_397108543,CC[C@H](CN(C)[C@H](C)CC#N)OC,-3.761700661139775,False
zinc_5066125,C1CCN(C[C@@H]2CO2)CC1,-4.609097160621503,False
zinc_48694511,COC[C@@H](C)NCCCO,-4.377974781346072,True
zinc_44689667,CCOC[C@H](C)NC1CCCCC1,-5.330244476684317,True
zinc_306251743,CO[C@@H]1CCN(CC2CCC2)C1,-6.026430122279404,False
13032526,C1C[C@@H]2[C@@H]1COC2,-5.735053187565605,False
zinc_5134517,C1C[C@H]2CC[C@@H](C1)O2,-5.446306348185383,False
zinc_59132803,CCCC(=O)N[C@@H](C)COC,-4.395191523315753,True
zinc_96528768,CO[C@H](C)CNCCC1CC1,-4.89233943626904,True
zinc_130309534,C[C@@H]1C[C@H](N[C@@H]2CCOC2)C1,-5.684024752330855,True
zinc_645150658,C=CCOCCN(C)[C@H](C)CCCC,-3.770923144040932,False
zinc_19735451,CCOC[C@@H](C)N,-4.764755873575569,True
zinc_661969158,COCCN1CC[C@@H]2C[C@H]2C1,-5.797118555439422,False
22563961,CC1(CC1)[C@H]1CO1,-5.046229152333628,False
zinc_53293195,COCCNCCNC(C)C,-4.396227320206498,True
zinc_842156062,C#CCN(C)C[C@@H](CC)OC,-3.453016698445068,False
zinc_683780106,C=CCCCCCN(CC)CCOC,-4.011687589638328,False
zinc_227708639,COC[C@@H](CNCC1CC1)OC,-5.475037479790641,True
zinc_200522350,CCN1CCOC[C@H]1CC(C)C,-3.92402644766916,False
zinc_300369867,COC[C@H](CNCCC(C)C)OC,-4.289424035230011,True
zinc_36228318,CCOCCN[C@H](C)[C@H](C)CC,-5.67157463212429,True
zinc_1754575,COC1CN(C(C)(C)C)C1,-5.453829293263465,False
zinc_76571523,C1CC1CNC1COC1,-4.464257519171744,True
zinc_388797728,C[C@@H]1C[C@@H]1CNCCOCC(F)F,-5.334469166842896,True
zinc_131840057,CO[C@@H](C)[C@H](C)NC[C@@H](C)O,-5.420369260104699,True
zinc_201820253,COCCN1CC[C@H](CC(C)C)C1,-5.497003438343906,False
zinc_115027447,C[C@H](O)C1(C)COC1,-4.797882379274794,True
zinc_591809364,CCCN(CCOC)CC(F)(F)F,-5.562661655955557,False
zinc_211291308,CCC[C@H](CNCC(C)C)OC,-5.095190008288962,True
zinc_70656295,CCCCCCN[C@H](CC)COC,-6.336050839379186,True
zinc_166983815,CCOC(C)(C)CN[C@H](C)C(C)C,-5.465329861141123,True
zinc_388834226,CO[C@@H](C)CN[C@H]1C[C@H](C(F)F)C1,-5.427296091191968,True
zinc_2509901,COCC(C)(C)O,-4.857351519171235,True
zinc_393554567,C=CCOCCN1CCCCC1,-3.763636785490344,False
zinc_53550272,CCC[C@H](C)NC[C@H](C)OC,-5.635571745077501,True
zinc_225611618,CC[C@H]1CN(CC)C[C@@H](CC)O1,-5.562767299482732,False
zinc_12495988,O=C1CCOC1,-3.537402918133982,False
zinc_70623847,CC[C@@H](COC)N[C@@H](C)C1CC1,-5.553758878757552,True
zinc_306292918,CCC[C@@H](C)N1CCO[C@@H](C)C1,-5.442531983420694,False
zinc_308544418,CC(C)[C@H](C)N(C)CCO[C@H](C)C#N,-3.466616746112197,False
zinc_880235389,CCOCCN1CCC[C@@H](CF)C1,-4.685067005180878,False
zinc_675639395,COCCN(CC(F)F)CC1CC1,-5.491676725389833,False
zinc_261508750,FC1(F)CN(C2COC2)C1,-4.346580145078815,False
zinc_663460339,C[C@@H]1C[C@H](NCCOCCF)C1,-5.377082951294457,True
zinc_1577206,CCCCOC[C@@H](C)O,-4.814972489119217,True
zinc_378825367,CCC[C@@H](CNCCOCC)OC,-5.381723345079245,True
zinc_35142196,CCOCCN[C@@H](C)C1CC1,-4.117008227979379,True
zinc_96528787,CO[C@@H](C)CNCC(C)(C)C,-4.306998149222419,True
13776990,C[C@H]1C[C@@H](O[C@@H](C1)C)C,-4.656006953367186,False
zinc_616581417,COCCN[C@@H]1CCC[C@H]1F,-5.332738186526823,True
13499611,C[C@H]1CCO[C@@H](C1)C,-4.388204690156436,False
zinc_144952855,CO[C@H]1C[C@H]1CO,-4.996006070465138,True
zinc_592813990,COCCN(CC(F)F)C1CC1,-5.428254615543203,False
zinc_70916721,COCCN[C@H]1CCC[C@@H]1C,-5.4692714072554045,True
zinc_83838584,CCOC[C@@H](C)NCC1CCC1,-5.357037086010871,True
117721,C[C@H]1CCCOC1,-4.580853401036422,False
zinc_931764315,COCC(COC)N(C)CCCF,-5.361889332641009,False
zinc_19477789,CC(C)OCCCC#N,-3.692295533678702,False
zinc_335516555,CO[C@H](C)CN1CCN(C)C[C@@H]1C,-5.6817724248721175,False
zinc_42458880,COCCN(C)C[C@H](C)N,-4.608418762694674,True
zinc_12370815,OCCC1CCOCC1,-4.447145450777525,True
zinc_322722203,CC[C@H](N[C@H](CC)COC)C1CCC1,-5.288747372021219,True
zinc_168026580,C=C(C)CCNC(C)(C)COC,-4.0872001305703485,True
zinc_660404092,C=CCN(CCOC)CCC1CCC1,-3.9009364269424447,False
zinc_308218477,COC[C@@H](C)N[C@@H](C)CCC1CC1,-5.357158545077175,True
zinc_79927399,C[C@@H](O)[C@]1(C)CCCO1,-5.786910389638623,True
zinc_397060722,CC[C@H](CN(C)[C@H](CC)CO)OC,-5.446608729537164,True
zinc_679851450,CO[C@@H](C)CN1CCC[C@H](OC)C1,-5.601507434196389,False
zinc_234681716,C=CCCCCCN[C@H](C)COC,-4.014561977200088,True
zinc_42518058,COC[C@H](C)N(C)C[C@H](C)N,-5.638864368910273,True
zinc_796538992,CCOCCN1CCC(F)(F)CC1,-4.767197152331589,False
zinc_18855579,C1CN(CC2CC2)CCO1,-5.420543743004991,False
zinc_1699948,C1COCCN1,-4.41676885595846,True
zinc_53584834,C=CCCOCCNCCC(C)C,-3.962248656994724,True
zinc_42458704,COCCN(C)[C@@H](C)CN,-4.576258406219217,True
643044,C[C@@H]1CCCCO1,-4.637638694299599,False
zinc_162603354,CC[C@H](CO)N[C@H](C)[C@H](C)OC,-5.501313160622004,True
zinc_158872837,COCCCCN(C)[C@H](C)CO,-5.496293166839022,True
zinc_335585836,COC[C@H](C)N1CCC(F)(F)C1,-4.18357862797641,False
zinc_1579994,CC(=O)[C@@H]1CO1,-2.626023975130184,False
zinc_649730331,CC[C@H]1CN(CCOC)[C@@H](C)CO1,-5.652319274611893,False
zinc_388639323,C=CCCC[C@H](C)N[C@H](C)COC,-4.029694704662532,True
zinc_608496982,C=C[C@@H]1CCN([C@@H](C)COC)CC1,-3.9249805264256072,False
zinc_34365143,OCCCC[C@H]1CCCO1,-5.485664016580648,True
zinc_388281546,C=C[C@@H](COC)N[C@@H](CC)CCC,-3.971423531603796,True
zinc_2567997,COCCC(C)(OC)OC,-5.770086341971609,False
zinc_650300579,COCCN1CCCC[C@@H]1COC,-5.387631892227716,False
zinc_674458430,COC[C@H](C)N1C[C@@H](C)[C@H](C)C1,-5.4164393803123385,False
zinc_113115958,COCCN1[C@@H]2CCC[C@H]1CC2,-5.42966381554216,False
zinc_307735540,C#C[C@H](C)N(C)C[C@H](C)OC,-3.5192156352327184,False
zinc_648767716,COC[C@H](C)NC[C@@H]1C[C@H]1C(C)C,-5.276301158550442,True
zinc_142537792,CCCCN(CCOC)CCOC,-5.44729960207518,False
zinc_71483138,CNC[C@@H]1CN(C)CCO1,-5.557350758548269,True
zinc_669687660,CC(C)COCCN1CCC(C)CC1,-5.465974041451796,False
zinc_307977434,CCCN(C)CCOCC(F)F,-4.537992737823369,False
zinc_49684644,CCCN[C@@H](CC)COC,-4.239301423834338,True
zinc_101248881,COCC(CO)COC,-4.410832988602199,True
zinc_379395374,COC[C@H](C)N[C@H]1C[C@H](C(F)F)C1,-5.370743908807083,True
zinc_224649015,OC[C@@H]1C[C@@H]1[C@@H]1CCOC1,-4.204492219688318,True
zinc_378805236,C=CCCCNC(C)(C)COCC,-3.991347425906332,True
zinc_307931774,C=C(C)CN(C)[C@H](C)COC,-4.051490572020255,False
14671573,C[C@H]1CCOC[C@@H]1C,-4.4374753906736375,False
zinc_306971119,C[C@H](F)CCN1CCOCC1,-5.6073108227989,False
154718513,CC(=C)[C@@]1(CO1)C,-3.850647819689122,False
zinc_607740725,CCOCCN1CCC[C@@H](C)[C@H]1C,-5.450166337824751,False
zinc_2041075,COCCN,-4.604982586528372,True
zinc_227543078,CO[C@H]1C[C@H](NC[C@@H](C)OC)C1,-5.876011554404928,True
zinc_308223345,C=CCC[C@H](CC)N[C@H](C)COC,-4.027333985490055,True
zinc_608497741,COC[C@H]1CCN([C@H](C)COC)C1,-5.3946695129538,False
zinc_19872674,CC(C)N1CCOCC1,-4.182202136789024,False
zinc_35151087,CCCCC[C@@H](C)NCCOCC,-4.756679007252259,True
643061,C[C@@H]1CCO[C@H](C1)C,-4.662330503628075,False
zinc_1666447,C[C@@H]1O[C@@H]1CO,-4.729670557513345,True
zinc_42459134,COCCN(C)C[C@@H]1CO1,-4.045085061140587,False
zinc_96111543,C[C@H]1COCC[C@@H]1CCO,-4.812566155438928,True
zinc_2031618,CCCCOCC,-4.432878482901852,False
zinc_82164272,CO[C@@H](CN)CO,-4.73076988601231,True
zinc_1690437,CCCCOCCO,-4.429985100518622,True
zinc_40229389,CC(C)CN(C)CCOCCO,-5.815478031089848,True
zinc_39111846,CCCC[C@@H](C)OC1CCCC1,-5.438681019689096,False
zinc_308014829,CC[C@@H](O)CN(C)C[C@H](C)OC,-5.435704275648786,True
zinc_313503767,C=C(CC)CN[C@@H](C)[C@H](C)OC,-4.025490113990736,True
zinc_391950,OC1CCOCC1,-4.794476406217216,True
zinc_220810893,COCCN1CCN(C)[C@@H](C)C1,-5.681385738858859,False
zinc_388311816,C=CCN(CCOC)[C@@H](C)CCC,-3.9056889575112494,False
zinc_95708175,C#C[C@H]1CCOC1,-3.6560129243513737,False
zinc_880300211,CC[C@H](CN1CC[C@H](CF)C1)OC,-5.372582607255106,False
zinc_322302674,CC[C@H](NCCOC)C1CCC1,-4.381244503623121,True
zinc_20054134,COCCNCCCN(C)C,-4.329848565801748,True
zinc_676910858,C=CCN(CCOC)CC1CC1,-3.905956797926573,False
zinc_679853014,COC[C@H]1CCCN1C[C@H](C)OC,-5.324538271499868,False
zinc_661240020,C=CCN(CCC1CC1)[C@H](C)COC,-4.031651467354288,False
zinc_378804313,C=CCOCCN(C)C1CCCC1,-3.798338998960921,False
zinc_2250342,CCCCO[C@@H](C)CC(C)(C)O,-5.564722607252278,True
zinc_73632187,C1CC2(C1)COC2,-5.862854234195751,False
zinc_138626956,CO[C@H](C)[C@@H]1CO1,-5.627629081866541,False
zinc_929366401,CCCN(CC)CCOC1CC1,-5.42805486010483,False
zinc_1692453,CCCCOCCC#N,-3.632260429015497,False
zinc_167136320,CO[C@@H](C)CN[C@H](C)CCO,-4.897620777205909,True
zinc_83056803,CC[C@@H](COC)N[C@@H](CC)C1CC1,-5.6801835150269415,True
zinc_379350387,COC[C@H](NCCCCF)C(C)C,-5.682203890155077,True
zinc_934376797,CO[C@H](C)CN1C[C@H]2CCC[C@H]1C2,-5.448366652849161,False
zinc_62498374,COCC1(C#N)CC1,-3.570541332642674,False
zinc_132329923,CO[C@@H](C)[C@H](C)NCC1CC1,-5.552692905700039,True
zinc_202412173,COCCN1CCCC(F)(F)C1,-5.53449169326538,False
zinc_335492058,COC[C@@H](C)N1CCC(C)(C)C1,-5.598445173058408,False
zinc_679852900,CO[C@@H](C)CN1C[C@@H](C)[C@@H](C)C1,-5.361369763731665,False
zinc_83434172,C[C@@H]1OC[C@@H]1N,-5.681127544041529,True
zinc_2516942,CCCNCCOC,-4.326766178238858,True
zinc_4996415,COCCN[C@H]1[C@H](C)CCC[C@@H]1C,-5.476645977201727,True
zinc_336554827,CO[C@H]1CCN(CC2CC2)C1,-4.569863403107652,False
zinc_887142519,CO[C@@H](CN(C)CCCF)C1CC1,-5.419078124349474,False
zinc_308006339,COC[C@H](NCCCF)C1CC1,-5.392931635230893,True
zinc_70656760,CCCC[C@@H](C)N[C@H](CC)COC,-5.498973510883428,True
zinc_385800733,CCOC[C@H](C)N[C@@H]1C[C@H]1CC(C)C,-5.303662373057912,True
zinc_336263006,CO[C@H](C)CN1CC[C@@H](F)C1,-5.634757365801938,False
zinc_163939461,CO[C@H](C)CN(C)CC[C@H](C)O,-4.951778022802161,True
zinc_227714602,CCC[C@H](C)NC[C@@H](COC)OC,-5.333976002075072,True
zinc_880237536,CO[C@@H](C)CN1CCC[C@@H](CF)C1,-5.594438424870404,False
22139264,C1COC[C@@H]1I,-1.062077229013748,False
zinc_219352631,CCCCN1CCOC[C@@H]1CC,-5.530862874608537,False
zinc_166943526,CCC[C@H](C)NCC(C)(C)OCC,-5.8216989284992025,True
zinc_200981398,COCCN1CCC(OC)CC1,-5.82890294922374,False
zinc_5134892,OC[C@@H](O)[C@H]1CO1,-4.745505284975196,True
zinc_229384005,CO[C@@H](C)[C@H](C)NCC(F)F,-5.265076298445122,True
zinc_393682544,COC[C@@H](C)NC[C@H]1C[C@H]1C,-5.274204265285089,True
zinc_877578899,CCC[C@@H](CN1C[C@H](OC)C1)OC,-5.221463548187342,False
zinc_42338085,COC[C@H](C)N(C)CC#N,-3.6408398362697634,False
58394480,C[C@@H]1CCCOC1,-4.425805351295256,False
zinc_125822120,COCC(C)(C)NCCC(F)(F)F,-4.433979293264216,True
zinc_606897987,C=CCCN(CCOC)C(CC)CC,-3.995880990675064,False
zinc_844392263,CC[C@@H]1CN(CCF)[C@H](C)CO1,-5.6440530797886215,False
zinc_658120919,CC[C@H](C)CCN[C@H](C)[C@H](C)OC,-5.383984321244606,True
zinc_666130769,CC[C@H](N[C@H](C)[C@H](C)OC)[C@@H]1C[C@@H]1C,-5.319600076685472,True
zinc_2584503,CCC[C@H](C)OCC,-5.593920337824459,False
zinc_132004387,CO[C@@H](C)[C@H](C)NCCCN(C)C,-5.409644165804114,True
zinc_44479914,COC[C@@H](C)NC1CCC1,-5.563871046632232,True
zinc_49805250,CCOCCCN(C)C[C@@H](C)O,-5.46285255958678,True
zinc_679853558,COC[C@H]1CCN(C[C@@H](C)OC)C1,-4.211853425909092,False
zinc_132868239,CO[C@@H](C)[C@@H](C)NC(C1CC1)C1CC1,-5.28661593782094,True
zinc_306605426,CO[C@H](C)CN1CCO[C@@H](C)C1,-5.391805175130836,False
zinc_842158601,C#C[C@@H](C)N(C)C[C@H](CC)OC,-3.5505841367887223,False
zinc_83399102,C=CCCCN[C@@H](COC)C(C)C,-3.9894307544050087,True
zinc_216885894,C[C@H]1CN([C@H](C)[C@@H](C)O)CCO1,-5.80521791917459,True
zinc_70643734,CCOC[C@H](C)N[C@H]1CC[C@H](C)C1,-5.250881133677019,True
zinc_601067472,C=CC1CCN(CCOCC)CC1,-3.9738165015524105,False
zinc_84902599,COC[C@@H](NCC#N)C(C)C,-3.569196472538139,True
zinc_308291036,CC[C@@H](C)C(=O)N[C@@H](C)[C@H](C)OC,-4.232452215545004,True
zinc_308309486,CC[C@H](CN[C@@H](C)[C@H](C)CC)OC,-5.282304976165459,True
zinc_639393550,CC[C@@H](C)[C@H](CN1CC(C)(C)C1)OC,-5.52625166010221,False
zinc_608491348,COC[C@@H](C)N1C[C@H](C)O[C@H](C)C1,-5.564031465283997,False
zinc_1683473,COCCOC(=O)OCCOC,-2.6419566943054886,False
zinc_695780364,CO[C@H](C)CN(C)[C@@H](C)CCC#N,-3.712031689121681,False
zinc_132020533,CC[C@@H]1CCC[C@H]1NCCOC,-4.562899094301382,True
zinc_379411799,CCC(CC)N[C@H](C)COC(C)C,-5.475819904666117,True
zinc_4862149,COC[C@@H](C)N,-4.753798880828293,True
zinc_388467684,C=C[C@H](COC)N[C@@H](C)C1CC1,-4.024575964768399,True
zinc_702573391,C[C@@H](O)[C@@H](C)NCCOCCF,-4.710145662177402,True
zinc_602877272,COCCN(C)CC1CCOCC1,-5.561674302590413,False
zinc_15922166,C1CCC(N2CCOCC2)C1,-5.304347830049428,False
zinc_36228930,CCCC(CCC)NCCOCC,-5.670058791711383,True
zinc_35098234,CCOCCNC1CCCCCC1,-4.541317585488027,True
zinc_307742530,CCCCN1[C@H](C)COC[C@H]1C,-5.603052076686612,False
zinc_642686725,C=C1CCN(C[C@@H](CC)OC)CC1,-4.079651886009935,False
zinc_3683452,COC[C@H](C)NC1CCCCCCC1,-5.408351709843345,True
zinc_648606313,CCC(CC)CN(C(C)C)C1COC1,-5.539532998960619,False
zinc_306640712,CC[C@@H](F)CN1CCOCC1,-5.50890957927469,False
zinc_160648278,CO[C@H](C)CN(CC#N)C(C)C,-3.7565621181349074,False
zinc_49754609,CCN(CCO)CCOC(C)C,-5.447686261139592,True
zinc_2034778,CCCOC,-4.403401595854684,False
zinc_656622533,CC[C@@H](C)CN1C[C@](C)(OC)C1,-5.59238932849924,False
zinc_379337608,C=C(C)CCN(C)C[C@H](C)OC,-4.072818762693059,False
zinc_642700256,C=C(C)CN(C)C[C@@H](CC)OC,-4.06179152952977,False
zinc_877982597,COCCN(C)CCCC1CC1,-4.452494418651318,False
zinc_639206697,CC[C@@](C)(CNCC(C)(F)F)OC,-4.31091641658136,True
zinc_219445634,COCCN1CC[C@@H](OC)C1,-5.383535423831735,False
zinc_70969229,C1CC(N[C@@H]2CCOC2)C1,-5.209693765803375,True
zinc_382401710,C=CCOCCN(C)CC1CC1,-3.778992035234814,False
637977,C1C[C@@H]2[C@H](C1)O2,-4.517770503626099,False
zinc_379315758,COCC(C)(C)NCCCCF,-4.410562858032682,True
59962582,C[C@H]1C[C@@H]2[C@H](C1)O2,-4.249353266321264,False
zinc_42517482,COC[C@H](C)N(C)CCN,-5.519340024869971,True
559009,C[C@@H](C(=C)C)OC,-3.987502497409925,False
zinc_130995210,C[C@@H](NCCOCC(F)F)C1CC1,-5.378990704663487,True
zinc_16083058,C1CC1NC1COC1,-5.5019228808274425,True
zinc_308693663,C=CCC[C@H](CC)NCCOC(C)C,-4.053800288085734,True
zinc_36923692,CCOCCNC1CC1,-4.21553588808249,True
zinc_83926474,CCOC[C@H](C)NCCC1CC1,-5.347248234192956,True
zinc_669689323,CC[C@H]1CCCN1CCOCC(C)C,-5.309218424869624,False
zinc_616581433,COC[C@H](C)N[C@@H]1CCC[C@H]1F,-5.335818607254288,True
zinc_97759103,C[C@H]1COC[C@@]1(C)O,-4.349630093263463,True
zinc_2029770,CC[C@@H](C)O[C@H](C)CC,-5.605459730569383,False
zinc_4996414,COCCN[C@@H]1CC[C@H](C)CC1,-5.577886986527675,True
154909,CC(=C)[C@H]1CO1,-3.779974350257668,False
zinc_336555752,CC[C@H]1CN(CC2CC2)CCO1,-5.503559237303787,False
zinc_224171259,CO[C@@H](C)CN[C@@H](C)CC#N,-3.6971826176167513,True
zinc_679851098,CC[C@@H]1CCCN1C[C@@H](C)OC,-5.464515266320735,False
zinc_59234479,C[C@H](O)C[C@H]1CCOC1,-4.825494271502537,True
zinc_76570055,C[C@H]1COC[C@@H]1N,-4.637135776164433,True
zinc_669690335,CC(C)COCCN(C)C1CCC1,-5.340428447672693,False
zinc_132001313,CCCCCCN[C@@H](C)[C@H](C)OC,-4.528579444558853,True
zinc_379327903,C=C(C)CCN(CC)CCOC,-4.065321898445385,False
zinc_13568037,CNC[C@H](C)OC,-4.3242835150249865,True
zinc_113116322,COCCN1C[C@H]2C[C@H]2C1,-5.881041328496441,False
zinc_638184916,CCC[C@H](CN1CCCCC1)OC,-4.267590232125512,False
zinc_34161438,C1CCCC(N2CCOCC2)CC1,-4.434221915029962,False
zinc_44688301,CCOC[C@@H](C)NC1CCCC1,-5.46785175336919,True
zinc_16637923,CCCCCCN1CCOCC1,-5.20710036683613,False
zinc_657620524,CO[C@@H](C)CNC[C@H]1CCCC[C@H]1C,-5.270368470467332,True
zinc_37180515,COCCNCC1CCC1,-5.327716495337151,True
zinc_308295151,CO[C@@H](CNCC1CC1)C(F)(F)F,-4.434129823835036,True
zinc_19881717,COCCNC1CCCCC1,-4.363605160621929,True
zinc_232992349,CCCCN[C@@H](COCC)C(C)C,-5.3825059585506985,True
zinc_32210940,CO[C@H](C)[C@@H](C)O,-4.810379191708702,True
zinc_645134772,C=CCOCCN(CC)CC1CCC1,-3.788630113991299,False
zinc_697856876,COC[C@@H](C)NCC[C@@H](C)N(C)C,-4.371027689118762,True
zinc_22218636,CN(C[C@@H]1CO1)C1CCCCC1,-5.550654236267286,False
zinc_19904677,COC[C@@H](C)N[C@H](C)C1CC1,-5.629286561659164,True
zinc_679852392,CO[C@H](C)CN1CC[C@@H](C)[C@H]1C,-5.446173653886808,False
zinc_20508819,CCC(C)(C)OCCN,-5.737540808289011,True
zinc_393324333,CCOCCN(C)[C@H](C)COC,-5.761172113991914,False
zinc_307939818,CCOCCN(CC)CCCF,-5.231703668395887,False
zinc_378910279,C=C[C@H](COC)NCC1CC1,-3.8977808082894327,True
zinc_156877951,COC[C@H](N[C@@H](C)C1CCC1)C(C)C,-4.142176820722579,True
zinc_307913734,C=CCN(CCOC)C1CC1,-3.9240595336788138,False
zinc_388347638,C=CCN(CCCCC)CCOC,-3.886579388598837,False
zinc_2170194,CCNC[C@@H]1CCCO1,-4.569763121243067,True
zinc_42494191,CC[C@H](O)CN(CC)CCOC,-5.614294719168017,True
zinc_50103711,COCCN(CCO)C(C)C,-4.794655631088345,True
zinc_220458297,C1CC(CCN2CCOCC2)C1,-5.569315500515864,False
zinc_649999839,COCCN1CC[C@@H](OC)[C@H](C)C1,-5.640099786530384,False
zinc_649482939,C=CCCCCN(CC=C)CCOC,-3.9188482176146633,False
zinc_2539247,C=CCOCCCC,-3.789074592745977,False
zinc_161812034,CCOC[C@@H](C)N[C@@H]1C[C@H](C)C1,-5.398344808287036,True
zinc_87147884,C=CC[C@H](C)[C@H](C)NCCOC,-4.061954211399135,True
zinc_666164206,CO[C@H](C)[C@@H](C)N[C@@H]1C[C@H]1CC(C)C,-5.474904623834214,True
zinc_379394413,C=CCN(CCCCF)CCOC,-3.863872605180432,False
12465995,C[C@H]1CCCCO1,-4.643295917097916,False
zinc_306400331,COC[C@@H](C)N1CCCCCC1,-5.5701659834225055,False
zinc_307886893,CO[C@@H](C)[C@@H](C)NCCCF,-4.280613510880192,True
zinc_219050678,CCOC1CN(CC(C)C)C1,-4.345256219688454,False
zinc_661241311,C=CCN(CC(=C)CC)[C@@H](C)COC,-3.840606188604972,False
zinc_50521385,OCCOC1CCC1,-5.3944016186515045,True
zinc_5419880,CCCCNCCOC,-4.327576300518675,True
zinc_698615302,CO[C@H](C)CNC[C@@](C)(O)C(F)F,-5.618235915025403,True
zinc_150129567,C[C@H]1CC[C@@H](CCO)O1,-5.5905672538857365,True
zinc_395506293,COCC(COC)N[C@@H](C)C1CC1,-5.389047450776038,True
zinc_83428626,C[C@@H]1OCC1=O,-3.3407874963725166,False
zinc_379362063,CCOCCCCN[C@H](C)COC,-5.431498607249801,True
zinc_615340312,CCCCOCCN(C)C1CCCC1,-5.373496513989898,False
zinc_5532289,C[C@H](O)CC[C@@H](C)C[C@@H]1CCCO1,-5.693388793780503,True
zinc_36379734,COCCCNCCOC,-4.331688853885581,True
zinc_53550313,CO[C@@H](C)CNC1CCCCC1,-4.294673421762197,True
zinc_379414681,CC[C@@H]1CN(CCCF)C[C@H](C)O1,-5.450289332641424,False
zinc_308068275,CCC(CC)(CNC(C)C)OC,-5.398408986526668,True
zinc_52630470,CCC(C)(C)OCCNCC(C)C,-5.732532696372776,True
zinc_638070478,CCC[C@@H](CN1CCC[C@H]1C)OC,-5.49925164352203,False
zinc_124026527,CO[C@H](C)CN[C@H](C)C1CCC1,-5.294034209326623,True
zinc_335845000,COCCN1[C@@H](C)CCC[C@@H]1C,-4.7121933575148605,False
zinc_388172,C[C@@H]1CNC[C@@H](C)O1,-4.285235637306148,True
zinc_308220217,COC[C@@H](C)N[C@H]1CCC(F)(F)C1,-4.61178922487174,True
zinc_308262083,COC[C@@H](C)NCC1CC(F)(F)C1,-4.374714354402466,True
zinc_144141673,CCC(CC)(CO)OC,-4.741127127461722,True
zinc_649866036,CCOCCN(C)[C@@H](C)CCO,-5.652086837304669,True
zinc_321904506,CC[C@@H](NCCOC(C)C)[C@H]1C[C@H]1C,-5.427823662174991,True
zinc_1698849,CCCC(=S)N1CCOCC1,-3.1643671772041664,False
zinc_308143126,C=C[C@H](COC)N[C@@H]1C[C@H](C)C1,-3.9563381699489546,True
zinc_166958966,C=CCC[C@H](C)NCC(C)(C)OCC,-4.026580201035575,True
zinc_87439986,COCCN[C@@H]1C[C@H](C)C1,-5.278351197927536,True
zinc_69662977,COC[C@H](C)N[C@@H](C)CC1CC1,-5.61435027564834,True
zinc_886328106,CC(C)OCCN1C[C@H]2C[C@H]2C1,-5.52168630258971,False
zinc_70623890,CCOCCN[C@H](CC)COC,-4.373623135751124,True
zinc_308364263,C=CCN(CCOC)CC1CCC1,-3.877431834196024,False
zinc_306542085,C[C@H](F)CCN1CCO[C@@H](C)C1,-4.5212484414491,False
zinc_379371871,C=C(C)CCN(CC)CCOCC,-4.079517952332445,False
zinc_1719010,CCOCCCO,-4.408091430052614,True
zinc_5356784,COCC(C)(C)CO,-4.783987197927272,True
zinc_2031623,CCCOCC,-4.393827479793771,False
542352,CC(=C)CCOC,-4.067931086010569,False
zinc_164449285,COC[C@H](C)N[C@H](C)C[C@H](C)O,-4.099509392745274,True
zinc_34251241,C#CCCCOC,-3.73597219274738,False
zinc_261507124,FC1(F)CC[N@](C2COC2)C1,-4.262686254921146,False
zinc_131903613,CCOC[C@H](C)NC1CC1,-5.483685753365341,True
zinc_308165110,C[C@@H]1CC[C@@H]1NCCOCC(F)F,-5.393279092229955,True
zinc_117698199,C[C@@H]1OC[C@@H]1CO,-4.7765603854919725,True
zinc_902992062,COC[C@@H](C)N1CCC[C@H](F)C1,-5.51186913367876,False
zinc_663341751,CC(C)CNCCOCCF,-4.3210212290153045,True
zinc_113114848,COCCN1[C@H]2CC[C@@H]1CC2,-5.525890677719744,False
zinc_393566464,CCOCCN1CCCCCCC1,-4.544864012436441,False
zinc_666193927,COCC[C@@H](C)CN[C@@H](C)COC,-6.104044945079026,True
zinc_149264609,COCCN1[C@H](C)CC[C@H]1C,-5.5195527937815925,False
zinc_307978647,CO[C@H](C)[C@@H](C)N[C@H]1CC[C@H]1C,-5.348396868396823,True
12380714,C1COCC1(Cl)Cl,-1.9630091564747167,False
zinc_72267059,CC1(C)C[C@H](CO)O1,-4.8825250963712845,True
zinc_19904656,CCC(CC)N[C@@H](C)COC,-4.397571021761811,True
zinc_21984469,COC[C@@H](N)CO,-4.289989407252336,True
zinc_648606632,CC[C@H](C)CN(C1CC1)C1COC1,-5.4640894321245055,False
zinc_20429247,COCC[C@H](C)N,-5.469481293265329,True
zinc_49832394,C#CCCNCCOC,-3.734649883938612,True
zinc_252730798,CO[C@@H](C)[C@@H](C)N[C@H]1CC[C@H](C)CC1,-5.555450145081277,True
zinc_306831419,COCC(CCO)COC,-4.906628632123243,True
zinc_168025022,C=C(CC)CN1CCOCC1,-4.009182402072941,False
zinc_84327113,CC(C)C1(N)COC1,-4.663625222797255,True
zinc_393589538,COC(CN(C)C[C@@H](C)OC)OC,-5.299016294300953,False
zinc_307981561,CCCCCN1CCO[C@H](C)C1,-5.603655438344216,False
zinc_385050526,CCC[C@@H](C)NC(COC)COC,-4.549564596892319,True
zinc_642687102,C=C[C@@H]1CCN(C[C@H](CC)OC)CC1,-3.950270012434922,False
zinc_98214189,CCC1(NC)COC1,-4.528512733679014,True
zinc_378821622,CO[C@@H](C)CNC[C@H](OC)C1CC1,-5.226361328498664,True
zinc_2023909,COCC[C@@H](C)OC,-4.356324729532586,False
zinc_161572218,CCC[C@@H](CC)N[C@H](C)COCC,-5.26102956684063,True
zinc_131975400,COCCCN[C@H](C)[C@@H](C)OC,-5.432863189638441,True
zinc_2035950,CCO[C@H](C)CC,-5.648742563730424,False
zinc_70223308,COCC(=O)NCC(C)C,-4.191350095337235,True
zinc_217552544,COCCN1CC[C@@H](C=O)C1,-3.4392792953351576,False
zinc_60714977,COCCCCCNCCOC,-6.327844969946732,True
zinc_32843148,COCCN1CCCCCC1,-5.663413461141035,False
zinc_642094687,CC[C@@H]1CN(CCOC)CCO1,-5.578909473573717,False
zinc_82993069,COC[C@@H](C)NCC[C@@H](C)O,-5.607217761653793,True
zinc_649694086,CC(C)N(CCCF)C1COC1,-5.542814630051728,False
10423,C1COC1,-5.963852621761312,False
zinc_880292254,CC(C)OCCN1CC[C@H](CF)C1,-5.214077042485769,False
zinc_679851215,CO[C@H](C)CN1[C@@H](C)CC[C@H]1C,-5.456945440411673,False
zinc_400210175,CO[C@@H](CN1CCCCC1)C1CC1,-5.536748789639205,False
zinc_1685143,C1C[C@@H]2CC[C@H]1O2,-5.444389973055514,False
zinc_230676237,COC[C@@H](C)N[C@H]1C[C@H](OC)C1,-5.43310726632027,True
zinc_608491848,CC[C@H]1CCCN([C@@H](C)COC)C1,-5.575222727458788,False
zinc_827472366,COCCN(C)CC1CC(F)(F)C1,-4.858262273574065,False
zinc_336332966,COCCN1C[C@H](C)C[C@H]1C,-4.337512746114147,False
zinc_83053999,CC[C@H](NCCOC)C1CC1,-5.354055384456432,True
zinc_308142255,COC1(CN(C)C(C)C)CCCC1,-5.482624953368314,False
zinc_44177606,COCCN(C)CC[C@@H](C)O,-5.748144012435174,True
zinc_307537784,C=C(C)CCN1CCOC[C@H]1C,-4.0558696455938765,False
zinc_85508504,CCO[C@H]1C[C@H](O)C1,-4.771109600000164,True
zinc_639249548,CC[C@H]1CN(C[C@H](OC)C2CC2)C1,-5.615436536787083,False
zinc_663341493,FCCOCCNC1CCCCC1,-5.7547036911927165,True
zinc_378871213,C=CCOCCN1CC[C@@H](C)C1,-3.7716366756486592,False
zinc_12137835,CC[C@H](CN)OC,-5.453135726425856,True
zinc_233771469,CCOC[C@H](NCC1CC1)C(C)C,-5.617331357512556,True
zinc_37871131,COC[C@H](C)N[C@@H](C)CC#N,-3.6514139689114087,True
zinc_307967991,CCCC[C@H](COC)NC1CC1,-4.19013108600835,True
zinc_71255477,COCC1CCCC1,-5.432119751294211,False
zinc_642233850,COCCN(CCOC)C1CC1,-5.354718775130335,False
zinc_308483664,CCC[C@H](C)N1CCO[C@@H](CC)C1,-5.189032037308277,False
zinc_307982016,COCCN(C)CCCCCF,-4.553918640416937,False
zinc_651982606,CC[C@@H](C)CN[C@@H](C)COCC1CC1,-4.451150420727614,True
zinc_308483729,C=CCC[C@H](NCCOC)C1CC1,-4.055808646635054,True
zinc_2031139,OCCC[C@@H]1CCCO1,-4.595811780310642,True
zinc_307890930,CC[C@@H](CN[C@H](C)CC)OC,-5.374612062176452,True
zinc_44688802,CCOC[C@H](C)N[C@@H](C)C1CC1,-4.672880764765346,True
zinc_72319277,COCCN1CCCCCCC1,-5.601136482900225,False
zinc_84327349,COC[C@@H](CN)C(C)C,-4.334089421762476,True
zinc_44688357,CCOC[C@H](C)N[C@@H]1CCCC[C@@H]1C,-5.522255850775024,True
zinc_19881710,CC[C@@H](C)NCCOC,-4.376076484974464,True
zinc_688730165,CC[C@H](COC)NCCCC(F)F,-4.679204853883704,True
139099,C[C@H]1CCCCO1,-4.572390603108273,False
zinc_379570914,C=CCCCC[C@@H](C)N[C@@H](C)COC,-3.9940477077720096,True
zinc_379360856,CCOC[C@H](C)NC[C@@H](CC)OC,-5.398032323315612,True
zinc_679853565,CCN(C[C@H](C)OC)C1CCC1,-5.590103025904234,False
zinc_2512232,COCCCCCCOC,-4.426251204145513,False
zinc_15042997,CC[C@H]1CC[C@@H](CC)O1,-5.592912184455679,False
zinc_44688440,CCOC[C@@H](C)NCC(CC)CC,-5.3652156891194425,True
zinc_131862979,COC[C@H](C)N[C@@H](C)CC1CCC1,-5.477912945079591,True
121424178,C[C@@H]1CCOC[C@H]1C,-4.423482136786031,False
zinc_679851931,CO[C@@H](C)CN(C)C(C1CC1)C1CC1,-5.278751301554847,False
zinc_307437296,CO[C@@H]1CN(C(C)C)C[C@H]1O,-4.672060808288493,True
zinc_166982683,CCOC(C)(C)CNCCC(C)C,-4.2995863979300815,True
zinc_35151095,CCOCCN[C@H](C)CCC(C)C,-5.358032818650841,True
zinc_227713977,COC[C@H](CN[C@@H](C)C1CC1)OC,-4.397386543003567,True
zinc_679149576,CO[C@H](C)[C@H](C)NC1(C)CCC1,-5.4966181803132,True
zinc_161782375,COC[C@H](C)N[C@@H]1C[C@H](C)C1,-5.4927711772012975,True
zinc_35098275,CCOCCN[C@H]1CCCC[C@H]1C,-5.46195045388598,True
zinc_661755953,C=CCN(CCOC)C(C)(C)C,-4.023465427981415,False
zinc_679852474,CCCN(CC(F)F)C[C@@H](C)OC,-5.438140462174012,False
zinc_663341095,C[C@@H]1CC[C@H](NCCOCCF)C1,-5.353917921244301,True
zinc_639182590,CC[C@@](C)(CN[C@H](C)CF)OC,-5.48273515026422,True
zinc_44688300,CCOC[C@H](C)NC1CCCCCC1,-5.575114335752707,True
zinc_674459774,CCCCOCCN1C[C@H](C)[C@@H](C)C1,-5.552326103627207,False
zinc_39124582,COCC(=S)N1CCCCC1,-2.9335280497423835,False
zinc_308308218,CCC(=O)CCN(C)C[C@H](C)OC,-3.7234920849776834,False
zinc_8100981,OC[C@H]1CCO1,-4.7952000414507125,True
zinc_308001665,COC[C@H](C)NCC[C@H](C)OC,-5.283607374094143,True
zinc_388475380,FCCCCCN1CCOCC1,-5.604299861139371,False
14671574,C[C@H]1CCOC[C@@H]1C,-5.770746041451487,False
9244,C1C[C@H]2[C@@H](C1)O2,-4.5512244476672965,False
zinc_307142648,C1CC(CN2CCOCC2)C1,-5.346890916063328,False
zinc_130992592,CC[C@H](C)NCCOCC(F)F,-4.384754988602904,True
zinc_383156684,CCN(CC(=O)C)C[C@H](C)OC,-3.6356724373067353,False
zinc_16610111,CCC(C)(C)OCCO,-5.695621452849765,True
zinc_234587619,COC(CN1CC[C@H](OC)C1)OC,-5.45606763730796,False
zinc_600696072,CC[C@H]1CN(CCOC)C[C@@H](C)O1,-5.570255110884511,False
zinc_681695850,C=CCN(C)C[C@@H](C)OC,-3.90503666735908,False
zinc_1331831782,CN[C@H](C)CCN[C@H](C)[C@@H](C)OC,-5.407744603110869,True
zinc_642704175,C=CCCN(C)C[C@@H](CC)OC,-3.95004255958608,False
zinc_70623627,CC[C@@H](COC)NC1CCCC1,-5.32304681450302,True
zinc_112942000,COCCN1CC[C@H](C)C1,-5.350958690154405,False
zinc_608492134,COC[C@H](C)N1[C@H]2CC[C@@H]1CC2,-5.486855975127413,False
zinc_880291882,COCCN1CC[C@H](CF)C1,-4.576011527460787,False
zinc_308119503,CO[C@H](C)CN(C)[C@H](C)[C@H](C)O,-4.869147463212239,True
zinc_644924043,CO[C@H](CN(C)C1CCC1)C1CC1,-5.299402145077631,False
zinc_607731688,CC[C@@H](C)CN(C)CCOCC1CC1,-5.266959318133539,False
zinc_308241828,CCC[C@H](O)CN(C)C[C@@H](C)OC,-5.068627546113906,True
zinc_723100069,CC[C@@H]1C[C@H]1CN1CCOCC1,-5.678883326425821,False
zinc_673081436,CCOCCN1CCCC[C@H]1CC,-5.839167318131679,False
zinc_223987891,CC[C@@H](NC[C@H](C)OC)C1CC1,-5.24844893471421,True
zinc_2041060,CCCOCCC,-5.934361023834202,False
zinc_527999794,CC(C)O[C@@]1(C)C[C@H]1N[C@H](C)C(C)C,-5.363045537822779,True
zinc_306751517,C[C@H](F)CCN1CCOCC1(C)C,-5.465162383418546,False
zinc_388338832,C[C@@H]1COCCN1CCCCCF,-5.508776696372479,False
zinc_53172304,COC[C@H](C)NCCCN(C)C,-5.61665182797616,True
zinc_161997,OCC1CCOCC1,-4.794360281864657,True
zinc_334152317,CO[C@H](C)CN1CCCCC[C@H]1C,-5.429763881864982,False
zinc_87978545,CCOCCN(C)CC(OC)OC,-5.234812190671562,False
zinc_19905102,CCC[C@H](C)N[C@H](C)COC,-5.5943664601034495,True
zinc_677727460,CCN(C)C1(COC)CC1,-5.768074804144543,False
zinc_5820322,CCCCCCOCC,-6.0086798818654525,False
zinc_308199724,CCOCCN(C)C(=O)CC(C)C,-4.31705734714855,False
zinc_639182668,CO[C@@H](C)[C@H](C)N[C@@H](C)CF,-5.3341469554422565,True
zinc_648606648,CC(C)CN(C1CC1)C1COC1,-5.516116887044792,False
zinc_606434744,CCN(CCCOC)C1CCC1,-5.682809622796568,False
zinc_5514088,CCCCOCC(C)C,-4.439723245596399,False
zinc_83390982,CCOC[C@H](C)N[C@H]1CCC[C@@H]1C,-5.3237519668389846,True
255579,C1[C@H]([C@@H](CO1)Cl)Cl,-2.0224149803154208,False
zinc_393682886,CC[C@@H]1CC[C@H]1N[C@H](COC)C(C)C,-5.179210099483771,True
54303867,C1COC[C@@H]1F,-4.595672781346611,False
14671576,C[C@H]1C[C@@H](COC1)C,-4.632941747150776,False
zinc_649407412,C=CCCCCN(C)CCOCC,-3.963814961658693,False
zinc_669690567,CC(C)COCCN1[C@@H](C)CC[C@H]1C,-5.515518617619512,False
zinc_662599057,CCCN(CC(C)C)[C@H](C)COC,-5.739832310882629,False
zinc_44424146,CCCCNCCOCCOC,-4.335182068396369,True
zinc_640075878,COC[C@H](C)N1CC[C@](C)(F)CC1,-5.361920182383441,False
zinc_669690377,CC(C)COCCN1CCC[C@H]1C,-5.6732919253914496,False
zinc_19702525,COCCNCC#N,-3.517986145076918,True
zinc_233898562,CC[C@@H](O)CNCCOCC(F)F,-4.723222692225645,True
zinc_62034284,COCCCN(C)CC[C@@H](C)O,-4.152097154402873,True
zinc_45019093,COCC[C@@H](C)CN,-5.904479479791756,True
zinc_616581158,COCCN[C@@H]1CCCC[C@H]1F,-4.222135415542921,True
zinc_595716112,CCOCCN1[C@@H](C)CCC[C@@H]1C,-5.524096435234906,False
zinc_122932259,COC[C@@H](C)N[C@@H](C)CCO,-5.54876361865212,True
zinc_308321403,CC[C@@](C)(NCCOC)C(F)(F)F,-4.456450460103777,True
zinc_200642988,CCCCCCN(C)CCOCC,-6.297775579276912,False
zinc_60265290,COCC(=O)N1CCCC1,-4.243466839378911,False
zinc_4202818,COCC(N)COC,-5.834227345077836,True
zinc_143747880,CCOCCN1CCC(OC)CC1,-5.840536453885987,False
zinc_38324961,CC(C)(C)OC(=O)OC[C@H]1CO1,-2.5664675129539045,False
12426339,C[C@@H](CCOC)Cl,-2.2122189948207285,False
zinc_642684818,CC[C@H]1CCCN1C[C@@H](CC)OC,-5.467286623835943,False
zinc_929720619,CN(CCOC1CC1)C1CCC1,-5.295839175127453,False
zinc_679850534,COCCCN(C)C[C@@H](C)OC,-5.503844940932545,False
zinc_2031650,CCOC(C)C,-4.373294969948048,False
zinc_379388480,C=CCCCN(CC=C)CCOC,-3.9520901740923153,False
zinc_13380273,COC[C@@H](O)CCO,-4.808630833160412,True
zinc_656657913,CCOC1CN(CC2CC2)C1,-4.331167614506141,False
zinc_608500803,COCCCCN(C)C1CCC1,-5.548842130572076,False
zinc_32005413,COCCNC[C@@H](C)O,-4.2483934487041415,True
zinc_1104482,CC[C@H](C)[C@H]1CCCO1,-4.413877036268319,False
zinc_306177955,C[C@@H]1C[C@@H]1CN1CCOC[C@H]1C,-5.3845124849736,False
zinc_138487545,OCCCCC1COC1,-4.848475577202869,True
zinc_162053266,C=C(CC)CNC(C)(C)COC,-4.034733235233081,True
zinc_388425296,FC(F)CN(C1CC1)C1COC1,-5.476641693269388,False
zinc_131965871,CO[C@H](C)[C@H](C)NC1CCCCCC1,-5.479876443521859,True
zinc_204312239,CCN1CCCC[C@@H]1COC,-5.579745434196397,False
zinc_308412238,COCCN(CCCF)CCOC,-5.519329220724287,False
zinc_132026107,CC[C@H](C)N[C@@H](C)[C@@H](C)OC,-5.480128683936753,True
zinc_70224931,CCC[C@@H](C)NC(=O)COC,-4.2918670383431,True
zinc_32156211,C=CCN(CCOC)CCOC,-3.890632559586981,False
zinc_36667532,COC[C@@H](C)NC[C@H](C)C#N,-3.78220197098464,True
zinc_238325673,COCC(COC)N1CCCC1,-5.3795456227985525,False
zinc_590788039,COCCN1CCC[C@@H]1C1CC1,-5.496495966835414,False
zinc_44177630,COCCN(C)[C@H](C)[C@@H](C)O,-4.813705655954954,True
zinc_70623838,CC[C@H](COC)NC[C@@H](C)O,-5.641702006214138,True
zinc_308161011,CO[C@H](C)CCN[C@H](C)[C@H](C)O,-4.909192878756278,True
zinc_644925917,CO[C@H](CN1[C@@H](C)CC[C@@H]1C)C1CC1,-5.490015769944946,False
zinc_1755956,CCCCOCCCO,-4.417683490155888,True
zinc_379391541,C=CCN(CCOC)C(CC)CC,-3.986665054922315,False
zinc_308480444,COCC(=O)OC[C@H]1COC(=O)O1,-3.766009440416538,False
zinc_95630322,CCC1(C#N)COC1,-3.468166992744898,False
zinc_96528760,CO[C@@H](C)CNCC1CC1,-4.3139144186515495,True
zinc_44688899,CCOC[C@H](C)N[C@@H](C)C(C)C,-5.48229201865168,True
zinc_166959198,CCOC(C)(C)CN[C@@H](C)COC,-5.820247805180332,True
zinc_307672950,CC[C@@H](OC)C(=O)N1CCC1,-4.294114219688666,False
zinc_661976025,CC(C)OCCN1CC[C@@H]2C[C@H]2C1,-5.472869618652767,False
12820526,C1C[C@@H]2C[C@@H]1CO2,3.0546529512956573,False
zinc_20429249,CCOCC[C@H](C)N,-5.506802286010582,True
zinc_69664931,COCCN[C@@H](C)CC1CC1,-5.728105260103247,True
zinc_649224098,C=CCCCCN1C[C@H](C)O[C@H](C)C1,-4.019810151294548,False
zinc_76570004,C[C@@]1(N)CCOC1,-5.72771445181397,True
zinc_130980856,COCCN(CCO)CCF,-4.785194675646305,True
zinc_70643167,CCOCCN[C@@H]1CC[C@@H](C)C1,-5.327255338860982,True
zinc_42238581,CCCCNCCOCC(F)(F)F,-4.305430712953479,True
zinc_1898196730,CCO[C@H]1C[C@@H](OC(C)(C)C)C1,-5.409917502592566,False
11083822,C=C1CCCO1,-4.307980733678601,False
zinc_384909837,COCC(COC)NC(C)C,-4.728375407254515,True
zinc_637811668,CCC[C@H](CN1CCOCC1)OC,-5.589671587563995,False
zinc_5752087,C[C@H]1COC[C@@H]1O,-5.805164922278726,True
zinc_649694040,CC(C)N(CCC1CC1)C1COC1,-5.451951985489938,False
zinc_16083056,CNC1COC1,-4.3593071316054095,True
zinc_680834781,CCCN(CC(F)F)[C@@H](C)COC,-5.600490766839183,False
zinc_39319566,C=CCOC[C@H]1COC(=O)O1,-3.718245204146048,False
zinc_335585855,C=C1CCN([C@H](C)COC)CC1,-4.063202911916635,False
zinc_39136748,C=CCCCN1CCOCC1,-4.000120634196535,False
zinc_70969087,CCC[C@H](CC)N[C@@H]1CCOC1,-5.350918140930071,True
zinc_19881413,COCCN[C@@H](C)C1CC1,-5.352396880828187,True
zinc_308469967,CCCC[C@H](COC)NC1CCC1,-5.547451251815862,True
zinc_82488631,C1CC(NC2COC2)C1,-5.306427264248277,True
zinc_379336529,COCCN[C@H]1C[C@H](C(F)F)C1,-4.372484982381831,True
zinc_167566531,CCCCOCCN1CCCCC1,-4.608548331605538,False
zinc_41362443,CCOCCN1CCCC[C@H]1C,-5.456626462177282,False
zinc_308314496,CCOC[C@@H](C)NCC[C@@H](C)OC,-5.594805550260474,True
zinc_223378555,CC[C@H](C)[C@@H](C)NCCOCC1CC1,-4.2906414010361145,True
zinc_31554834,CCCCCN1CCOCC1,-5.64945464041441,False
zinc_952987019,CC(C)O[C@@H]1COC[C@H]1O,-4.718574431086904,True
zinc_660553311,CO[C@H](C)CN(C)C[C@H]1CC=CC1,-4.189215966838895,False
zinc_308305973,C=C[C@H](COC)N[C@H](C)[C@@H](C)CC,-3.971521038340628,True
zinc_688714039,COC[C@H](C)NCCCC(F)F,-5.604005966837891,True
zinc_315862911,CO[C@H](CNC(C)(C)C)C1CC1,-5.779809533678836,True
zinc_308235813,C=CCCCCN[C@H](C)[C@@H](C)OC,-4.018650470468172,True
zinc_201994908,CC(C)OCCN1CCC(F)(F)C1,-5.48873832124476,False
zinc_307760855,C[C@@H]1COCCN1CC1CC1,-4.768367933678166,False
zinc_19277264,C1CO[C@H](CNC2CC2)C1,-4.602065332640002,True
zinc_84327049,CCC1(O)COC1,-4.704686012435676,True
zinc_19090251,COCCNC[C@@H]1CCCO1,-4.557764269431728,True
zinc_844460558,CO[C@@H](C)CN1C[C@@H]2[C@H](C1)C2(F)F,-4.124408663211284,False
zinc_307980149,CC[C@@H](CN[C@@H]1CCOC1)OC,-5.466189881865688,True
zinc_395426223,CCC(CC)NC(COC)COC,-5.412928087047885,True
zinc_661240959,C=CCN(CCCCC)[C@@H](C)COC,-3.992376487046564,False
zinc_19255041,CN(C)C[C@@H]1CO1,-4.145344563731414,False
zinc_379233726,CCCNC(=O)[C@H](CC)OC,-4.345317892229066,True
zinc_649636568,C=CCCCCN(CC)C[C@H](C)OC,-4.00083346528741,False
zinc_50403538,CCC[C@@H](CC)NCCOC(C)C,-5.6470045782366345,True
zinc_115298068,COCCOCCOC(=O)OC,-4.409236534714182,False
zinc_1765882,COCCCCO,-4.842322468392884,True
zinc_642722002,C=CCOCCN1C[C@H](C)[C@H](C)[C@@H]1C,-3.7838328849717646,False
zinc_669690381,CC(C)COCCN1C[C@@H](C)[C@H](C)C1,-5.573216659068258,False
zinc_52602147,CO[C@@H](CNC(C)C)C(C)C,-5.612686221761526,True
zinc_307962129,C=C[C@H](COC)NC[C@@H](C)CC,-3.921110513988631,True
zinc_126846538,C=CCC[C@@H](C)N[C@@H](CC)COC,-3.863571193783427,True
zinc_37196199,CCCC[C@@H](C)N[C@H](C)COC,-5.59324272124111,True
zinc_379330895,CCCCCN1CCOC[C@@H]1C,-5.57339750052098,False
zinc_308152664,CCCCN1CC(OCC(F)F)C1,-5.394831682899228,False
22556302,C1COC[C@@H]1S,-3.745279896374755,False
zinc_62715097,CCOC(C)(C)CO,-5.713805125388227,True
zinc_199708729,C#CC(C)(C)CCOCC,-3.5519056373051625,False
zinc_234887832,COC[C@@H](CO)N[C@@H](C)C(C)C,-5.573161264250382,True
zinc_307197804,CCC[C@H]1CN(CC)CCO1,-5.373454779275152,False
zinc_639348139,CO[C@H](CC(C)C)CN1C[C@H]2C[C@H]2C1,-5.52736041865128,False
zinc_605150108,C=CCCCN(C)CCOC,-3.986912634197597,False
zinc_86527294,CCCC[C@@H](COC)NC(C)C,-5.549598636268871,True
zinc_308383513,COCCN(C)CCC(=O)C(C)C,-3.686696750259343,False
zinc_1609008,CC1(C)CO1,-5.981616360622072,False
zinc_660484945,COC[C@@H](C)NC[C@H]1CC=CC1,-4.136136306733575,True
zinc_379592999,CO[C@H](C)[C@@H](C)N[C@H](C)CC1CCC1,-5.242108087049264,True
zinc_307966381,CC[C@@H]1CC[C@@H]1NC[C@@H](C)OC,-5.256829745076264,True
zinc_388434445,COCC1(N(C)CCCF)CC1,-5.732360557510587,False
zinc_42351463,COCCN(C)CCCO,-4.15142457616641,True
zinc_648402713,C=CCCCC[C@H](C)NCCOC,-4.029539944041749,True
zinc_379376120,CN(CCOCC(F)F)C1CCC1,-5.321922725386849,False
zinc_608494916,CCN(C)CC1(C)COC1,-5.789775293261776,False
zinc_378861875,CO[C@H](C)[C@@H](C)NCC(C)(F)F,-4.756267856994782,True
zinc_14444678,CCC(=O)COC,-3.5497151979272688,False
zinc_131861543,COC[C@@H](C)N[C@@H](C)C1CCC1,-5.336890453884546,True
zinc_4529618,OC[C@H]1CCOC1,-4.759022779274511,True
zinc_306341083,CO[C@@H](C)CN1CCC(F)(F)CC1,-4.7883764829021365,False
zinc_20142775,CCC[C@H](C)NCCCOC,-5.482362043522868,True
zinc_53550300,CO[C@H](C)CNC1CCCC1,-5.449384155441416,True
zinc_60316576,CO[C@H](C)CN(C)C(=O)C,-4.401028913989596,False
zinc_308460839,CCCCN(C)CCOC1CCC1,-5.369406969949599,False
zinc_211343405,CCC[C@@H](CNCC(C)C)OCC,-5.401548304665461,True
zinc_307300617,CO[C@H]1CCN(C[C@@H]2C[C@H]2C)C1,-5.682762849741064,False
zinc_135058188,COCC(C)(C)NCC(C)C,-4.36864342176068,True
zinc_45019180,COCC[C@H](C)NC[C@@H](C)O,-5.449507689117088,True
zinc_1634209,N#CC[C@H]1CO1,-3.5727576642488708,False
zinc_85697106,CC(C)OCCN(C)CC[C@H](C)O,-4.9357293409336815,True
zinc_107323472,COC1(CO)CC1,-4.693379649742416,True
zinc_393589288,CO[C@H](C)CN(C)CCC[C@@H](C)O,-4.266476569949285,True
zinc_308162625,COCCN(C)C[C@H](N)CC(F)F,-4.751205374091699,True
zinc_930922073,CC[C@H](C)N(CC)CCOC1CC1,-5.6907123564734166,False
12553879,CC(=C)[C@H]1CO1,-3.7908321119171706,False
zinc_230662525,CC[C@H](COC)NC[C@H]1CCC[C@@H]1C,-5.800572379272036,True
zinc_132420485,CCOCCN[C@@H](C)CC1CCC1,-5.285338543006195,True
zinc_44479844,COCCNC1CCC1,-5.4138085844557855,True
zinc_669691515,CC(C)COCCN(C)CCC1CC1,-4.440816754404997,False
zinc_38281939,OCC[C@H]1CCOC1,-4.419195639379364,True
zinc_642687096,CC[C@@H](CN(C)CC(F)(F)F)OC,-5.8960278362692495,False
zinc_158874463,CCOCCN(C)[C@H](C)CO,-5.488359340932196,True
zinc_48347150,COCCCN(C)CCO,-4.530561102590605,True
zinc_41392244,CCOCCN(C)CCO,-4.823155915025254,True
zinc_2540702,CC1(C)CO[C@@H]1CO,-4.950973639378423,True
zinc_19735458,COC[C@H](N)C(C)C,-4.225847110880221,True
zinc_70830497,CCOCCN[C@@H]1CCC[C@H]1C,-5.325293807249544,True
zinc_1898235799,COCCN[C@@H]1CC[C@H]1F,-4.187525401036618,True
zinc_307758530,CO[C@@H](C)CN1CCC[C@H](C)C1,-5.897651394820233,False
zinc_141707922,CC[C@@H]1COCCN1CC1CC1,-4.392796478756239,False
zinc_33359467,N#C[C@H]1CCOC1,-3.576103743005283,False
zinc_53560419,C=CCOCCNCCCC,-3.788602093265124,True
zinc_168993044,C=C(C)CCN[C@H](CC)COC,-4.134036449744491,True
zinc_70623807,CC[C@@H](COC)NCCO,-5.661334215544291,True
zinc_379410412,COCCN[C@H](COC)CC(C)C,-5.548390916063823,True
zinc_322244534,CCOCCN[C@H](CC)C1CCC1,-5.519644426944149,True
zinc_683000754,C=CCN(CCOC)CC1CCCC1,-3.965556557513751,False
zinc_44043507,CCN[C@H]1CCC[C@H]1OC,-5.401205266321528,True
zinc_307310255,CCNC(C)(C)COCC,-4.395619486009855,True
zinc_308394498,COCCN(CC(F)F)C1CCC1,-5.324267144042044,False
zinc_133266846,CCOC[C@@H](C)N[C@@H](C)C1CCC1,-5.331051096373746,True
zinc_114601061,COCCN1CCC[C@H](OC)C1,-5.435307189638305,False
zinc_80021924,CO[C@H]1CCN(C)C1,-6.066793626943471,False
zinc_307110156,CCCCN1C[C@H](C)OC[C@H]1C,-5.602865954402523,False
zinc_34478490,CC1(C)C[C@@H](CO)CO1,-4.319972768909736,True
zinc_382108438,C=CCOCCN(C)[C@H](C)CCC,-3.764780920204792,False
zinc_334184744,CC[C@@H]1CN(CC(F)(F)F)CCO1,-4.142162298446275,False
zinc_382414803,C=CCOCCN(C)[C@H](C)C1CC1,-3.7220072290146833,False
zinc_5066130,C1CCN(C[C@@H]2CO2)C1,-5.880171042488255,False
zinc_308438168,COCCN(CCF)C1CCCC1,-5.327704344041671,False
zinc_45070455,COC(C1CC1)C1CC1,-5.371241815544211,False
zinc_1621203938,CC[C@H](C)CN1C[C@H](OCC(C)C)C1,-4.105901351295756,False
zinc_87480076,CCC[C@@H](CC)N[C@H](COC)C1CC1,-5.31044627150111,True
zinc_49672177,CCC[C@@H](O)COC,-4.854424431088128,True
zinc_197765487,CC(C)OCCN1CCCC1,-5.4324755067353445,False
zinc_168742507,CCN1CCC[C@@H]1COC,-5.522205332643116,False
zinc_307478836,C[C@H]1COCCN1CC1CCC1,-4.385769258033504,False
zinc_306791777,CC[C@H](F)CN1CCOC(C)(C)C1,-5.517466192745645,False
zinc_382143039,CCOCC(C)(C)NCCCCF,-4.411052008292306,True
zinc_1850587,CCCOCCCO,-4.411947539895852,True
zinc_307909308,CCC(=O)NC[C@@H](CC)OC,-4.424474393782927,True
zinc_308196595,CC[C@@H]1CC[C@H]1N[C@H](C)[C@@H](C)OC,-5.258397720207267,True
zinc_308437007,CO[C@@H](C)CN[C@@H](C)CCC1CC1,-5.220881471499274,True
zinc_169797196,OC[C@@H]1[C@@H]2COC[C@H]12,-4.983880478756128,True
zinc_394440178,CC[C@@H](C)[C@@H](CNCCCF)OC,-5.401209523317273,True
zinc_379359671,C=CCN(CCOC)CC(=C)CC,-3.889472286008508,False
zinc_674458968,CC(C)OCCN1C[C@@H](C)[C@H](C)C1,-4.413698781345841,False
zinc_307924306,C#CCCN(C)C[C@@H](C)OC,-3.701033662176511,False
zinc_19282257,COCCNC1CC1,-5.355993206216754,True
zinc_223876161,C=CCC[C@@H](C)NC[C@H](C)OC,-4.0484681326409095,True
zinc_34049561,OCC[C@@H]1CO1,-4.773437233161455,True
zinc_32005555,COCCCNC[C@H](C)O,-4.344069622798154,True
zinc_41362352,CCOCCN1CCC(C)CC1,-5.834937320208202,False
zinc_663340994,C[C@H]1CCC[C@H]1NCCOCCF,-5.3937358031082745,True
zinc_656657860,CCOC1CN(CC(CC)CC)C1,-4.1585420020737445,False
zinc_70656250,CC[C@@H](COC)NC1CCCCCC1,-5.502486070467985,True
zinc_43500883,CCNCCOC(C)(C)C,-5.592585958549902,True
10898638,C1CC1[C@H]1CO1,-4.957683875646444,False
zinc_115788450,CCCCOCC(CC)CC,-5.604467931606389,False
zinc_679850260,CO[C@H](C)CN(C)C1CC1,-4.013889910881436,False
zinc_5419890,CCCCNCCOCCCC,-4.331605626942102,True
zinc_388619964,COCCN(C)C(C1CC1)C1CC1,-5.095509713989053,False
zinc_87416112,CCC(CC)CN[C@@H]1CCOC1,-5.391688619688626,True
zinc_224634048,CCCC(=O)NC[C@H](C)OC,-4.487299823833961,True
zinc_82835622,C[C@H]1CCNCCO1,-4.478152727460456,True
20587930,C[C@H]1COCC1=O,-3.509027488082884,False
zinc_1609004,CC[C@H]1CO1,-5.850129645596529,False
zinc_104608815,CCCNC[C@@H]1O[C@@H]1C,-5.305578020725145,True
zinc_70623815,CC[C@@H](COC)NCC1CCC1,-5.396042797926846,True
zinc_393552581,FC(F)COCCN1CCCCC1,-4.624874256993661,False
zinc_307952474,CC[C@H](C)[C@H](C)N(C)CCOC,-4.514050563729104,False
zinc_306975643,C[C@@H]1C[C@H]1CN1CCOCC1,-5.570489568911068,False
zinc_53172709,CC[C@@H](CO)N[C@@H](C)COC,-4.81323189015706,True
zinc_39259324,COCC[C@@H](C)O,-4.864931340933654,True
zinc_132802148,COC[C@H](NC[C@@H]1C[C@@H]1C)C(C)C,-5.4558887357494745,True
zinc_37687737,COC[C@H](C)NC[C@H](C)O,-4.448122107772461,True
zinc_40506583,CCCCOCCN[C@H](C)CCC,-5.668805807252354,True
zinc_382179982,C=CCOCCN1CCC[C@@H](C)C1,-3.783695233162123,False
zinc_96528601,COCCNCCCC1CCC1,-5.750847500518255,True
zinc_707980546,CCN[C@H](C)CNC[C@H](C)OC,-5.131927280826429,True
zinc_388581985,COC[C@@H](CC(C)C)NCCCF,-5.469518501554065,True
zinc_57935229,CC(C)[C@H]1CNCCO1,-5.305194621762046,True
zinc_702645949,C[C@H]1CC[C@@H]1NCCOCCF,-5.870751417614031,True
zinc_675903221,COCCN1CCC(C(F)F)CC1,-5.413475595858307,False
zinc_404441,CO[C@H](C)CCO,-5.603819305699398,True
zinc_663464527,CCCC[C@@H](C)NCCOCCF,-5.903484447667108,True
zinc_238363888,CO[C@H]1C[C@@H](O)C1,-5.346621512953383,True
zinc_128911580,CO[C@H](C)CN[C@@H]1CC[C@@H](C)C1,-5.376723019687271,True
zinc_147673159,CCC[C@@H](CO)OC,-4.792723548185634,True
zinc_388321084,CCOCCN[C@H]1C[C@H](C(F)F)C1,-4.372495786525984,True
zinc_1333782277,CO[C@H](C)[C@@H](C)NCCCC(F)F,-4.757528277721176,True
643052,C[C@@H]1CCC[C@@H](O1)C,-5.829496368911896,False
zinc_4716349,O[C@@H]1CCOC1,-4.814484847668774,True
zinc_4299173,CO[C@@H]1CCCNC1,-4.639633123317055,True
zinc_134087707,CO[C@H](C)[C@@H](C)N[C@@H](C)CCO,-5.35448973264262,True
zinc_148581303,C[C@@H]1CCO[C@@H]1CO,-4.767174385490997,True
zinc_60313124,COCCN1CCC(C)(C)CC1,-5.5777842797907,False
zinc_307925954,CC[C@H]1CC[C@H]1NCCOC,-5.378722379273072,True
zinc_307924149,CO[C@H](C)CN(C)CCCF,-4.23231521036065,False
zinc_680849017,CC[C@H]1CCCCN1CCOC,-5.415271374093515,False
zinc_166313003,CCCC[C@H](COC)NCCOC,-5.9593390217604005,True
zinc_663377167,C[C@H](O)CNCCOCCF,-4.284902406218061,True
zinc_38415638,CC(C)(O)C[C@H]1CO1,-4.857271202073706,True
zinc_131980606,CO[C@@H](C)[C@H](C)NCCCO,-5.68961774300563,True
zinc_308545348,C=CCOCCNC[C@H](C)CC(C)C,-3.783949871503624,True
zinc_393303659,CC[C@@H](CO)N(C)CCCOC,-4.765931396891451,True
zinc_379387157,CCCCN(C)C(=O)[C@H](CC)OC,-4.133138089118561,False
zinc_394391957,CCOC[C@H](C)NCC[C@@H](C)CC,-5.318414422798037,True
zinc_335584819,COCCN1CC[C@H]2CCC[C@@H]12,-5.32669209533653,False
44141288,C1COC[C@@H]1C#N,-3.587832060103238,False
zinc_17327358,CCCCN1C[C@H](C)O[C@H](C)C1,-5.56571203523445,False
zinc_19904383,COC[C@@H](C)NC1CCCCCC1,-5.477746787565621,True
zinc_929125769,CCCCN(C)CCOC1CC1,-4.562968364764149,False
zinc_661968138,CC[C@H](CN1CC[C@H]2C[C@@H]2C1)OC,-5.518475693262689,False
zinc_19260482,CC[C@H]1O[C@@H]1C,-4.766312074612238,False
zinc_223884190,CCCC(CCC)NC[C@@H](C)OC,-5.621650833159528,True
zinc_39221553,CC1(C)CC[C@@H](CO)O1,-4.592082329532319,True
zinc_50369071,CO[C@@H]1CCC[C@H]1NCC(C)C,-5.47451448911907,True
zinc_83398791,COC[C@H](N[C@H]1CC[C@@H](C)C1)C(C)C,-5.3379559419685005,True
zinc_53196366,COC[C@H](C)NC[C@@H](C)N(C)C,-5.485352312955769,True
14671575,C[C@@H]1CCOC[C@@H]1C,-5.439544111917462,False
zinc_44723852,CCOC[C@@H](C)NC[C@H](C)O,-5.7715184974102,True
12929516,C1COC[C@@H]1Br,-2.0919524518120483,False
21429516,C[C@@H](CCOC)S,-3.860489991710948,False
zinc_218880724,CCOCCN(C)C1CCCCC1,-5.613485917096806,False
zinc_711737618,C1CCN(CCOC2CC2)CC1,-4.6210071274614455,False
zinc_85508013,CCCCCCCOCC,-4.784561622800085,False
zinc_50193514,CCC[C@H](O)CN(C)CCOC,-5.415143044563098,True
zinc_880294769,COC[C@H](C)N1CC[C@@H](CF)C1,-5.306102412435016,False
zinc_322684320,C=C[C@@H](C)NC[C@@](C)(CC)OC,-3.9015961533681054,True
zinc_1845902,CCCCCOC,-4.5582140290162405,False
zinc_379308607,CCOC[C@H](C)NCCC(C)(F)F,-4.305784932642712,True
643051,C[C@H]1CCC[C@@H](O1)C,-4.718622793782813,False
zinc_308361599,CCCCCCN1CCO[C@H](C)C1,-5.5703000248708765,False
zinc_49310783,FC(F)(F)COCCNCC1CC1,-4.297363492229694,True
zinc_68986284,CCCC[C@@H](CC)NCCOCC,-5.902997749222593,True
zinc_45018982,COCC[C@@H](C)NCCO,-4.338079519170177,True
zinc_308305818,CO[C@H](CNCC(C)C)C(F)(F)F,-5.897377061138879,True
zinc_308243736,CC[C@@H](C)NC[C@@H](OC)C(F)(F)F,-5.356156858028642,True
zinc_656685464,COC[C@@H](C)NCCC(C)(C)F,-5.507969753367344,True
zinc_403234,CC[C@@H](O)COC,-4.837769801036396,True
zinc_307421829,CO[C@@H](C)CN(C)CCF,-4.686106870465264,False
zinc_379372502,C=CCCCCN[C@H](CC)COC,-4.005212431085555,True
zinc_220541194,FCCCCN1CCOCC1,-5.591936497409394,False
zinc_308543450,CCOC[C@H](C)N[C@@H](C)CCC1CC1,-5.5428931958571255,True
zinc_87480092,CCCC[C@H](C)N[C@H](COC)C1CC1,-5.620858816580689,True
zinc_231345023,CO[C@@H](C)CN(CCO)CC(F)F,-4.958499170982153,True
zinc_660932704,COC[C@H](C)N1C[C@@H]2CCCC[C@H]12,-5.484903765804388,False
zinc_379364449,CC[C@@H](N[C@@H](C)[C@H](C)OC)C1CC1,-5.473942812434352,True
zinc_45620471,COCCN(C)CCC[C@H](C)O,-4.885761409324504,True
zinc_200162772,CCN1CCO[C@H](C(C)C)C1,-5.5153863005174895,False
zinc_1592144,CC(C)OC1CC1,-5.492059289119415,False
zinc_679857505,CO[C@H](C)CN1CC[C@H](C2CC2)C1,-5.380755740933269,False
zinc_223886673,CCCC[C@H](CC)NC[C@@H](C)OC,-5.440740165802119,True
14671577,C[C@@H]1C[C@@H](COC1)C,-4.332491701554355,False
zinc_252831037,CO[C@H](C)CN[C@@H]1CCC[C@H]1OC,-5.391428404145836,True
zinc_5593217,CC[C@@H](C)C(=O)NCCOC,-4.403396368912586,True
zinc_761056507,COCCN1CC[C@@H](C(F)(F)F)C1,-4.545897734716286,False
zinc_2557063,C=COC(C)(C)CC,-4.201105214507957,False
zinc_39017082,OCCCC1COC1,-4.48732043523396,True
zinc_85793882,C[C@H](O)[C@@H]1CN(C)CCO1,-5.58456750466283,True
zinc_82901255,COCC[C@H](CO)NC(C)C,-5.65798864870569,True
zinc_308068260,CC[C@@H](C#N)N[C@H](C)[C@@H](C)OC,-3.61585308186453,True
zinc_137749340,COC1(CO)CCC1,-4.747036563729148,True
zinc_114932257,CO[C@H]1C[C@@H](CO)C1,-4.731092393782873,True
zinc_642700274,CC[C@@H](CN1CCC(F)(F)C1)OC,-5.396605313988662,False
zinc_96306728,COCC1(CO)CC1,-4.7277227668393245,True
zinc_39278421,COCCCC=O,-3.5479103398957874,False
zinc_322736914,CC[C@@](C)(CNCCF)OC,-4.254119376166569,True
zinc_19394051,CCOCCCCN,-4.58031580725426,True
zinc_649720319,CC[C@H]1CN(CC)[C@@H](CC)CO1,-5.372751728498934,False
zinc_388407654,CC[C@H](CNC1CCCC1)OC,-5.39616608912263,True
zinc_322620939,C=CCCCNC[C@](C)(CC)OC,-4.014552331608222,True
zinc_608564709,CC[C@@H](C)CN(C)[C@H](C)COC,-5.505808574094541,False
zinc_652019004,COC[C@@H](C)N[C@H](CO)CCF,-4.776060242486091,True
zinc_160520877,CCCCN(C)C(=O)[C@@H](C)OC,-4.100701539895675,False
zinc_34077739,CCC(O)(CC)COC,-5.422374412436614,True
zinc_300042522,CO[C@@H]1CCN([C@H](C)[C@H](C)O)C1,-5.5059352062182665,True
zinc_307414344,C[C@H]1C[C@H]1CN1CCO[C@H](C)C1,-5.494923115023037,False
zinc_2507600,CC(C)(C)OCCN,-5.594058770983708,True
zinc_656657879,CCO[C@H]1CN(C[C@H](C)CC)C1,-4.544150938861084,False
zinc_157469,OC[C@@H]1CCCO1,-4.572591624869813,True
zinc_335890506,COCCN1CCC[C@H](C)[C@H]1C,-5.612263512953008,False
zinc_929754347,COCC(COC)N1CCC[C@H]1C,-5.359228576165575,False
zinc_211291531,CCC[C@@H](CNC(C)C)OC,-5.304099146113427,True
zinc_586768196,CCOCCN(C)CCC(F)(F)F,-5.665658998963818,False
zinc_2522933,CCNCCOCC,-4.333949264249221,True
zinc_78675992,CO[C@H](C)C[C@H](C)O,-5.597711164765814,True
zinc_132909706,COCCN[C@@H](C)CCO,-4.384154429015773,True
zinc_52966071,COCC[C@H](C)CNC(C)C,-5.187731633159268,True
zinc_167072178,CO[C@H](C)CN[C@H]1CCC[C@@H]1C,-5.507238008290819,True
zinc_21953262,CCO[C@@H](C)CNC,-5.850322934713889,True
zinc_307909332,CCOCCN[C@@H]1CC[C@H]1C,-5.386426408291422,True
zinc_651982970,CCC[C@H](C)N[C@H](C)COCC1CC1,-5.252964393781963,True
zinc_200981992,CCOC1CCN(CCOC)CC1,-5.4193295025881305,False
zinc_70642732,COCCN[C@@H]1CC[C@H](C)C1,-5.383546847669175,True
zinc_143674370,CCCCCN1CC[C@H](OC)C1,-4.583078138860165,False
zinc_168609028,C=C(C)COCCNCCCC,-3.944509463210939,True
zinc_107120042,COC[C@@H](CO)NCC(C)C,-4.305149212435026,True
zinc_167079157,CO[C@@H](C)CN[C@@H](C)CCC(C)C,-4.436553966841788,True
zinc_663340919,CC[C@H](C)CNCCOCCF,-5.287409975131364,True
zinc_69664749,CCOCCN[C@H](C)CC1CC1,-5.913798176168452,True
zinc_148813971,COCCN1CCC(F)(F)C1,-4.421741807252609,False
zinc_202491460,C=CC1CCN(CCOC)CC1,-3.9299787772036185,False
317681,COCCC1CC1,-5.427708211399628,False
zinc_322491159,CC[C@H](NC[C@@H](CC)OC)C1CCC1,-5.37786944456051,True
zinc_5651140,CC[C@@H](CO)OC,-4.7834795917097725,True
zinc_1635585,CCOCC[C@H](O)CC,-5.488018296372535,True
12522356,CC(=C)[C@]1(CO1)C,-3.836586723318237,False
zinc_149266017,CCOCCN1[C@H](C)CC[C@H]1C,-5.44152523108562,False
zinc_5768076,CCOCC(=O)CC,-3.622273222795978,False
zinc_82425008,COCCN1CC(O)C1,-4.404191618653079,True
zinc_388461836,CO[C@H](C)[C@@H](C)NC[C@H]1C[C@H]1C,-5.305835757514699,True
zinc_642529727,CCCCN(CCOCC)C1CC1,-5.388833469431284,False
zinc_201611978,COCCN1CCCC[C@@H]1C,-4.592655380311085,False
zinc_308618953,CCOC[C@H](NC[C@@H]1C[C@H]1C)C(C)C,-5.624322259065513,True
zinc_6905154,C=C(C)CN(CCOC)CCOC,-3.991824370985035,False
zinc_19905065,CCCC(CCC)N[C@@H](C)COC,-5.468460638342643,True
zinc_649694060,CC(C)N(CC1CCC1)C1COC1,-4.37939696787709,False
zinc_4996385,C[C@@H]1CC[C@@H](N2CCOCC2)C1,-5.9279797347158025,False
zinc_657789045,CO[C@@]1(C)C[C@H]1NCC(C)C,-5.413794978238096,True
zinc_35635765,CC(C)(C)NC[C@@H]1CO1,-5.766140242487065,True
zinc_656657983,CCO[C@H]1CN(C[C@@H]2C[C@@H]2C)C1,-5.4717769989615945,False
zinc_677905307,COC[C@H](C)N1CC[C@@H](C2CC2)C1,-5.324719570984961,False
zinc_252731328,CC[C@@H](COC)N[C@H]1CC[C@H](C)CC1,-5.566575477721242,True
zinc_379407773,C=CCCN(CCOC)CCOC,-3.951478675650493,False
zinc_336279831,FC[C@@H]1CN(CC2CC2)CCO1,-4.332038574093055,False
zinc_675552984,CC(C)OCCN(C)CCC1CC1,-5.55438355233354,False
zinc_663463367,C[C@H](NCCOCCF)C1CCC1,-5.343435044556408,True
13499612,C[C@@H]1CCO[C@@H](C1)C,-5.36057548393829,False
zinc_379393565,CCC(CC)N(CCF)CCOC,-5.769950630053141,False
zinc_379204794,COC[C@@H](C)NCCC(C)(F)F,-4.357559231089488,True
zinc_379354862,CC(C)CN(C)CCO[C@H](C)C#N,-3.4734501119196817,False
zinc_87100759,COCCN(N)CC(C)C,-5.556110006217477,True
zinc_161877956,C=C(C)COCCN[C@@H](C)CCC,-3.944687825905831,True
zinc_213532728,CNCC1(OC)CC1,-5.446068603108667,True
zinc_388846348,CC(C)CCOCCN1CCCC1,-5.427259798961847,False
zinc_53550238,CCCCCNC[C@H](C)OC,-5.565938006216831,True
zinc_319128234,C=CC[C@H](CC)NC[C@](C)(CC)OC,-4.050065852853624,True
zinc_19872678,CC[C@H](C)N1CCOCC1,-5.5130546528495294,False
zinc_130966779,CCC[C@H](C)NCCOCC(F)F,-4.204959492226308,True
zinc_308422856,CCO[C@H]1C[C@H](N(C)CCOC)C1,-5.366841753370976,False
zinc_663342362,CC(C)CCCNCCOCCF,-4.40022342590667,True
zinc_614369421,C=C(C)CN(C)CCOC,-4.040569575130114,False
zinc_674458931,COCCCN1C[C@@H](C)[C@@H](C)C1,-5.367246733675067,False
134849271,C1[C@@H]2[C@@H](O2)CO1,-4.320365166839416,False
zinc_932969511,CCO[C@H]1CCN(CCOC)C1,-4.601519090151216,False
zinc_238808734,C[C@H]1CCCCN1C[C@H]1CO1,-4.630233032124831,False
zinc_230618146,COC[C@@H](NC[C@@H](C)OC)C1CC1,-5.637599179274918,True
zinc_38957028,C1CCC(CN2CCOCC2)C1,-5.354628839377534,False
zinc_82835649,CC[C@@H](O)C1COC1,-4.796334530568701,True
zinc_22062337,COCCCCCCCCO,-6.143780219689744,True
zinc_665110347,CCN[C@H](C)[C@@](C)(OC)C1CC1,-5.498505780313068,True
zinc_83397449,CCC[C@@H](C)N[C@@H](COC)C(C)C,-5.615914667354667,True
zinc_19230121,OCCN1CCOCC1,-4.814167701554675,True
zinc_688732539,COC[C@@H](O)CNCCCC(F)F,-4.709538366836696,True
zinc_2037796,CCC(CC)COCCO,-4.771359954404731,True
zinc_393715140,CO[C@H]1CCN(CCC(F)(F)F)C1,-4.591155867355117,False
zinc_379044574,C#CCN(CC)C[C@@H](C)OC,-3.5096698901556422,False
51675149,C1COC[C@@H]1I,-1.062077229013748,False
zinc_235225653,C[C@H](NCCOCC(F)F)[C@@H](C)O,-4.200345260104683,True
zinc_658174849,CC[C@H](NC[C@@H](C)OC)[C@@H]1C[C@@H]1C,-4.409425890158395,True
zinc_378671915,CCC[C@@H](CC)N[C@@H]1CCC[C@H]1OC,-5.2780598901563,True
zinc_308010460,CO[C@@H](C)CCN[C@@H]1CCOC1,-4.371827061139867,True
zinc_379405251,C[C@@H]1CCCN1CCOCC(F)F,-5.628154308808398,False
11815817,C=C1CCOC1,-3.883595181346912,False
zinc_379355490,CCOCCN[C@H](C)CCC1CC1,-5.115679651813437,True
zinc_1596382,C1O[C@H]1[C@H]1CO1,-4.70060622176272,False
zinc_379482836,COCCN[C@H](CCC(C)C)C1CC1,-5.1804018694299625,True
zinc_300745482,CO[C@@H](C)CN(C)CCCO,-4.978165786529035,True
zinc_17619250,COC(C)(C)CCNC(C)C,-5.702174126424998,True
zinc_132009122,CO[C@H](C)[C@H](C)NC(C)C,-5.554725324352775,True
zinc_306633526,CC[C@@H](CNC(=O)C)OC,-4.408476203109761,True
zinc_1755958,CCOCCCCO,-4.841370679792162,True
zinc_388881420,CCCCCCN(C)C[C@H](C)OC,-4.597668153368464,False
zinc_70226036,COCCN(CC(C)C)C(=O)C,-4.32603979482186,False
zinc_2008367,CCOC(C)(C)C(=O)C,-3.689969301555711,False
zinc_148596482,CCN1CC[C@H](OC)C1,-5.504155351296131,False
zinc_53195469,COC[C@H](C)NCCC1CCCC1,-5.428350236268176,True
zinc_39375049,CCOCCCC=O,-3.544462551295302,False
zinc_307983851,COC[C@@H](CC(C)C)NC(C)C,-4.574972174091149,True
zinc_19881396,CCC(CC)NCCOC,-4.361746470467192,True
zinc_5454763,CC1(C)C[C@@H](O)CO1,-5.456212024871177,True
zinc_2516949,CCNCCOC,-4.3354115958545805,True
zinc_379406037,COCC[C@H](C)N1CC[C@H](OC)C1,-5.220726198963743,False
zinc_70656807,CC[C@H](COC)NCCC(F)(F)F,-4.449523413471682,True
zinc_20524168,COCCN[C@@H](C)CC(C)(C)OC,-5.593168627976283,True
zinc_19092339,CNC(C)(C)COC,-5.859932319171598,True
zinc_381446677,C=CCCNC[C@@H](OC)[C@@H](C)CC,-3.9819496248713646,True
zinc_307078530,CO[C@@H](C)[C@@H](C)NCCF,-5.663884397927266,True
zinc_72266143,CC1(O)COC1,-4.701070584456292,True
zinc_96528765,CO[C@H](C)CNCC1CCC1,-5.4382305595846665,True
zinc_300936628,CCOCCNC[C@@H](C)CC(C)C,-4.371044339897533,True
zinc_678349669,C[C@@H]1C[N@@]([C@H]2CCOC2)C[C@H]1C,-5.477890824870412,False
zinc_238325687,COCC(COC)N1CCCCC1,-5.452521910879462,False
zinc_32219744,COC(C)(C)C(C)(C)OC,-6.323260321244372,False
zinc_381943346,CCC[C@@H](C)N1CC[C@H](OC)C1,-5.703770822797497,False
zinc_2024034,C1CCC(OC2CCCC2)C1,-5.435040373057071,False
zinc_22012130,CCCC1(CCC)CO1,-4.537851394819702,False
zinc_379373296,CCCCOCCN1CCC[C@H]1C,-4.554050984455554,False
7972,CN1CCOCC1,-5.653611488082053,False
zinc_393438680,C=CCOCCN(C)C1CCC1,-3.795700632124933,False
zinc_85058159,C=C(CC)CN[C@@H](C)COCC,-4.03987484974175,True
zinc_164645115,CO[C@H](C)[C@@H](C)NCCOC(C)C,-5.25560103626854,True
zinc_388588048,CCCCN(CCOC)CC(F)F,-5.675573378238614,False
zinc_53589820,CCC[C@@H](C)NCCOC1CCC1,-4.411438397926452,True
zinc_306171380,COC[C@H](C)N1CCC(F)(F)CC1,-5.3758736414505375,False
zinc_649694128,C=C(CC)CN(C(C)C)C1COC1,-4.0325234777210754,False
zinc_32167182,C1CC2(C1)CO2,-5.28741285803153,False
zinc_85393068,COCC[C@H]1C[C@H](CO)C1,-4.830542366839855,True
zinc_393472488,C=CCOCCN1C[C@H](C)[C@@H](C)C1,-3.789229973052388,False
zinc_233723836,CCOC[C@@H](NC1CCCC1)C(C)C,-6.0589082176179945,True
zinc_224931125,CCCN1C[C@H](OC)[C@H](OC)C1,-6.028811318136746,False
zinc_521399038,CCOC1(CO)CCC1,-4.737841320207622,True
zinc_663462890,CO[C@@H](C)[C@H](C)NCCOCCF,-4.220425989635839,True
zinc_2547923,COC1CNC1,-4.347159258032431,True
zinc_5820323,CCCCCCOCCC,-6.278658116061701,False
zinc_42222117,CNCCOC(C)C,-4.37770381554457,True
zinc_225259435,COC[C@@H]1C[C@@H](O)C1,-4.812902889118935,True
zinc_197992345,CCO[C@H](CO)C(C)C,-4.795402167876034,True
zinc_642650301,CC[C@@H](CN1CCCC[C@@H]1CC)OC,-5.345330996891445,False
zinc_388431874,CC[C@H](CN[C@@H](C)[C@@H](C)O)OC,-5.293141479793549,True
zinc_322400989,CCC[C@@H](N[C@H](C)COC)C1CCC1,-5.3834397761640425,True
zinc_231689439,C[C@@H]1C[C@H](NCCOCC(F)F)C1,-5.364864379274627,True
zinc_149845261,C[C@H](CO)[C@H]1CCO1,-4.493401336786382,True
zinc_839131592,CCC(CC)CN1CC(OC)C1,-4.314664000001852,False
zinc_409258,COC[C@H](C)OC,-4.419388039378532,False
zinc_385008657,C=CC(C)(C)CN[C@H](C)COC,-4.038617123318012,True
zinc_33961342,C[C@@]1(O)CCOC1,-4.811299888082511,True
zinc_78737651,COC[C@H](CO)NC(C)C,-4.806169320207071,True
zinc_813337089,CCOCCN(C)CCCC1CC1,-5.554074623837947,False
zinc_70226617,CCC[C@@H](C)N(C)C(=O)COCC,-4.207598990671863,False
zinc_70965517,C[C@@H](N[C@@H]1CCOC1)C1CC1,-5.393938091191449,True
zinc_308627601,C=CCCC[C@H](C)N[C@H](C)[C@H](C)OC,-4.045959711919995,True
zinc_44689576,CCCCN[C@@H](C)COCC,-4.387082810363236,True
zinc_2522795,CCOCCC(=O)C,-3.6934194880843343,False
zinc_87195231,C1OCC1NC1COC1,-3.3628143191710023,True
zinc_308022804,COCCN[C@@H](C)CCC1CC1,-4.362610263210881,True
zinc_89887862,CC(C)OCCN(C)CC1CC1,-5.479664725387048,False
zinc_335540047,COC[C@@H](C)N1CCC[C@@H](C)C1,-5.545202804147129,False
zinc_930602539,COCC(COC)N1CC[C@@H](F)C1,-4.440463693264988,False
zinc_669687488,CCCCN(C)CCOCC(C)C,-4.475531226945001,False
zinc_306434011,C=C(CC)CN1CCOC(C)(C)C1,-4.055672476684215,False
zinc_41362649,CCOCCN1CCC[C@@H](C)C1,-5.537564138858823,False
zinc_308094860,CCN(C[C@@H](C)OC)[C@H](C)CO,-5.39021478342073,True
zinc_23803741,CCN[C@@H](COC)C1CC1,-5.558519222797932,True
zinc_139333340,C=C(C1CC1)N1CCOCC1,-4.2536371772022825,False
zinc_135064141,CCCCCCNC(C)(C)COC,-4.396974799997055,True
15486584,CO[C@@H]1CC21CC2,-4.903091850777416,False
zinc_41363141,CCOCCN1CCCCCC1,-5.86776944663392,False
zinc_322083942,CC[C@H](COC)N[C@@H](CC)[C@H]1C[C@@H]1C,-5.26315970777196,True
zinc_308527029,COC[C@H](CC(C)C)NC1CCCC1,-5.437662681864855,True
zinc_335540045,COC[C@@H](C)N1CC[C@H](C)CC1,-5.599540487049173,False
zinc_53197411,CCC[C@H](CC)N[C@H](C)COC,-5.544221566840743,True
zinc_167080314,CO[C@@H](C)CN[C@@H](C)CC1CC1,-4.349192350257766,True
zinc_1679838,C=COCCNCCOC=C,-4.123385825903753,True
zinc_679853472,C=CCCCN(C)C[C@@H](C)OC,-3.9824071709832007,False
zinc_19881152,COCCNC1CCCC1,-5.467561577201392,True
zinc_95627673,CC(=O)C1(C)COC1,-3.6115437637302974,False
zinc_53550245,CCCCNC[C@H](C)OC,-4.612820118133796,True
zinc_74938383,OCCC1COC1,-4.796759556475665,True
zinc_163911555,CO[C@@H](C)CNC1CCCCCC1,-5.608772157515952,True
zinc_389196553,C=CCC[C@@H](CC)N[C@@H](C)[C@H](C)OC,-3.975637390672439,True
zinc_631259665,COC[C@H](C)N[C@@H]1C[C@H]1C(F)(F)F,-4.928515836270536,True
zinc_649870931,CC[C@H](CN(C)[C@H](C)CCO)OC,-4.933729280831027,True
zinc_379419258,CC[C@H]1CN(CCCCF)CCO1,-5.33116859481729,False
zinc_70962469,C1C[C@@H](NCC2CC2)CO1,-5.634232381346094,True
zinc_663462476,CCC[C@@H](CC)NCCOCCF,-5.668945129535155,True
zinc_42375332,COCCN(C)[C@@H](C)CC#N,-3.6930017906738537,False
zinc_230661197,CCOC[C@H](C)NC[C@@H]1CCC[C@@H]1C,-5.114738667356868,True
zinc_70558676,COC[C@H](O)CN[C@H](C)C(C)C,-5.598547313992131,True
zinc_19905063,CC[C@@H](C)N[C@H](C)COC,-5.612038889118891,True
zinc_308452401,CCC(CC)C(=O)N(C)CCOC,-4.214006872538481,False
zinc_663463248,C[C@H](NCCOCCF)C(C)(C)C,-5.742029378238623,True
zinc_166977593,CCOC(C)(C)CNC(CC)CC,-5.817242636266917,True
zinc_80264832,CCCN(CCC)CCOCC,-5.728110487046109,False
zinc_306558045,CC[C@H](C)N1CCO[C@@H](C)C1,-5.734654484971999,False
zinc_308473798,CC[C@H](CN[C@@H](C)C1CCC1)OC,-5.645349658034598,True
zinc_306552455,C[C@@H]1CN(CC2CCC2)CCO1,-5.4208700227992725,False
zinc_308422001,CC(C)COCCN1CCCCCC1,-5.868409531605169,False
zinc_929318799,COCCN(C)C(COC)COC,-5.333798097409488,False
zinc_53196920,COC[C@@H](C)N[C@@H](C)CCN(C)C,-5.416582986527479,True
zinc_238847730,CO[C@H]1CC[N@@](C2CCCC2)C1,-5.469266315027674,False
zinc_710681223,C[C@H]1OC21CCC2,-4.593522864250331,False
zinc_308505932,CCOC[C@@H](C)N[C@H](C(C)C)C1CC1,-5.243959071503306,True
zinc_335587768,CO[C@@H](C)CN1CCC(F)(F)C1,-4.677436719170461,False
zinc_308445276,C=CCC[C@@H](CC)NC[C@@H](C)OC,-3.979534911917781,True
zinc_132063840,CO[C@H](C)[C@H](C)NC1CCCCC1,-5.534843407254062,True
zinc_19881149,COCCNC1CCCCCC1,-4.379157121245222,True
zinc_639228557,CC[C@@](C)(CN1CC[C@@H](F)C1)OC,-5.350560364771135,False
zinc_839131391,CO[C@H]1CN(C[C@@H](C)CC(C)C)C1,-5.490277386527568,False
zinc_2172227,COCCC[C@H](C)O,-4.649059807254434,True
zinc_642703116,C=CCN(C)C[C@H](CC)OC,-3.919150140932542,False
zinc_68890774,C[C@@H](O)C1CCOCC1,-4.519968675647407,True
13082553,COC1CCOCC1,-4.6925615523301065,False
zinc_663341111,FCCOCCNC1CCCC1,-5.4768136435233465,True
zinc_379343500,CC[C@@H](C)N(CCO)C[C@H](C)OC,-5.584973374095067,True
zinc_165424276,CC(C)OCCN1CCOCC1,-5.421430006217817,False
zinc_161795812,CC[C@H](COC)N[C@@H]1C[C@H](C)C1,-5.091005894298969,True
zinc_649695041,CO[C@@H](C)CN1CCCC(F)(F)C1,-5.882181987563222,False
zinc_68985329,CCCC[C@H](CC)N[C@@H](C)COC,-5.431179655958131,True
zinc_597987970,CCCCN(CC=C(C)C)CCOC,-4.21781451191646,False
zinc_308092861,FC(F)COCCN1CCCC1,-5.851254435234913,False
zinc_389222548,C=C[C@@H](COC)NC[C@H](C)CC(C)C,-3.968825336786401,True
zinc_14589614,COCC(=O)NCCC(C)C,-4.329512451811963,True
zinc_886346769,FC(F)COCCN1C[C@@H]2C[C@@H]2C1,-5.422901956476918,False
zinc_59200546,CCCCCCCN1CCOCC1,-5.634030093262919,False
zinc_5359286,CC(C)C(OCCO)C(C)C,-4.695445854921658,True
zinc_322404234,CC[C@@H](NC[C@H](C)OC)C1CCC1,-5.281885015543504,True
zinc_880298512,CO[C@@H](C)CN1CC[C@@H](CF)C1,-5.2994644642450615,False
14671578,C[C@@H]1C[C@H](COC1)C,-4.647837591711209,False
zinc_82487786,CCNC1COC1,-4.443979297409095,True
zinc_35188218,CC[C@H](CO)NCCOC,-5.621365318134406,True
zinc_34383547,CC[C@@H](COC)OC,-5.660615968913042,False
zinc_231393105,CCCN1CCCC[C@H]1COC,-5.490644969950007,False
zinc_70656753,CCC[C@H](CC)N[C@@H](CC)COC,-5.6167797533657735,True
zinc_308226760,C=C[C@H](COC)N[C@@H](CC)C1CC1,-3.881981349223613,True
zinc_1857779463,CC(C)(CO)C[C@H]1CO1,-4.780650953369426,True
zinc_307970386,COC[C@@H](C)NC1CC(F)(F)C1,-5.044326087046931,True
zinc_665110339,CO[C@](C)(C1CC1)[C@@H](C)NCC(C)C,-5.4472701533664525,True
zinc_167057042,CCC[C@H](CC)NC[C@@H](C)OC,-5.643148576167341,True
zinc_39307136,CO[C@@H](C)CC#N,-3.6581732683937234,False
zinc_880233884,COC[C@@H](C)N1CCC[C@H](CF)C1,-5.561092064249086,False
zinc_308319565,CCOCCN1[C@@H](C)CC[C@@H]1CC,-5.521775483937155,False
zinc_1119248823,CCC[C@@H]1CCN([C@H](C)COC)CC1,-5.458822909844584,False
zinc_231427227,CC(C)CN(C)CC1(C)COC1,-5.60203926217822,False
zinc_2038051,CCCCOCCCCO,-4.434969367876266,True
zinc_35098231,CCOCCNC(CC)CC,-5.62694362487043,True
zinc_381851896,C=CCCCN1CCOC[C@H]1C,-3.97976532849648,False
zinc_161103842,C#CCCCN(C)CCOC,-3.755758273574763,False
zinc_663341059,CC(C)C[C@H](C)NCCOCCF,-5.566770949224213,True
zinc_641787941,CC[C@@H](N[C@@H](C)COC)[C@H]1C[C@@H]1C,-5.438091291191901,True
zinc_113421416,COCCCCN1CCOCC1,-5.604864963729898,False
zinc_82680483,COCCNC[C@@H](O)C(F)(F)F,-4.430313239378979,True
zinc_379293725,CC[C@H](COC)NCCC(C)(F)F,-4.472141904664662,True
zinc_639183323,CCC[C@@H](CN[C@@H](C)CF)OC,-5.262988646627769,True
zinc_86525006,CCCN[C@H](COC)CC(C)(C)C,-5.568052978238912,True
zinc_930475217,CC[C@@H]1C[C@H]1CN(C)C[C@H](C)OC,-5.345292306734718,False
zinc_902995502,COCCN1CCC[C@H](F)C1,-5.513411593778012,False
zinc_929462556,C[C@H]1CCN(CCOC2CC2)C1,-5.38708395233377,False
zinc_306761747,CO[C@@H](C)C(=O)N1CC[C@H]1C,-4.157680984456277,False
zinc_19943449,C[C@H](O)CN1CCOCC1,-5.747235278756273,True
zinc_307980791,CC[C@H]1CC[C@@H](C)N1CCOC,-5.560419566839253,False
zinc_32218695,C[C@H](O)[C@@H](C)OCC(C)(C)C,-5.828608893262876,True
zinc_379401360,COCCC[C@@H](C)NC[C@H](C)OC,-5.567110646631015,True
zinc_37081090,CN(C[C@H]1CO1)C1CC1,-5.586412938861365,False
zinc_641787714,C=CC[C@@H](C)[C@@H](C)N[C@@H](C)COC,-4.035105803107776,True
zinc_95831199,C[C@@H](N)C1COC1,-4.635441653886326,True
zinc_379584226,CO[C@@H](C)CN[C@H](C)CCC=C(C)C,-4.258855848702575,True
zinc_122123209,CCOCCN[C@@H](C)C1CCC1,-5.564184717097131,True
zinc_906529367,CCCCNC[C@H](OC)C(F)(F)F,-5.407781083940032,True
zinc_57935220,C[C@@H]1NCCO[C@@H]1C,-4.418091515025655,True
zinc_37989629,COCCNCCCC(C)C,-4.594739772021001,True
zinc_391910,COC[C@H](C)OC(=O)C,-3.799643390673878,False
zinc_19905039,CCN[C@H](C)COC,-5.456759210362829,True
zinc_1334402875,COCC(=O)NCCCC(F)F,-4.295475946115266,True
zinc_683041515,C=CCN(CCC)CCOC,-3.8975510652848655,False
zinc_70642767,COC[C@H](C)N[C@@H]1CC[C@@H](C)C1,-5.386053975128797,True
zinc_679852163,CO[C@H](C)CN(CC(F)F)C1CC1,-5.3679100704650615,False
zinc_656677690,FC(F)COC1CN(CC2CC2)C1,-4.982647917099589,False
zinc_70623822,CC[C@H](COC)NCC1CCCC1,-5.4741625595825,True
zinc_642699466,C=CCN(C[C@H](CC)OC)C1CC1,-3.865906236267832,False
zinc_40229407,CC(C)[C@H](C)N(C)CCOCCO,-5.534546172021578,True
zinc_607192498,CCOCCN1C[C@@H](C)C[C@@H]1C,-5.550031664251046,False
zinc_892479759,CCCCN[C@H](C)COCCOC,-5.181832138862821,True
zinc_607742916,CCOCCN1C[C@H](C)CCC[C@H]1C,-4.350428198962933,False
zinc_5997769,COC1CCCC1,-4.479492630052393,False
zinc_663461929,C[C@H](CC1CC1)NCCOCCF,-5.489426041450814,True
zinc_54346826,COCC1(O)CC1,-5.551663979271876,True
zinc_1586529,C=COCCCC,-4.158454221761535,False
zinc_131395587,C#CCN(CCOC)C(C)C,-3.51491852228094,False
zinc_683041080,C=CCN(CCOC)CCC1CC1,-3.919790091187127,False
zinc_157292799,COCCCCN(C)C[C@@H](C)O,-5.542816785490789,True
zinc_113073003,COCCN1CCC(F)(F)CC1,-4.806684928495186,False
zinc_131904522,CO[C@@H](C)[C@@H](C)NC1CC1,-5.380162994819244,True
zinc_42436399,CC[C@H](O)CCOC,-4.912195030052863,True
zinc_648619232,CC[C@@H](N[C@H](C)COC)C(F)F,-4.120930159586562,True
zinc_28278463,CCOCCCCCOCC,-4.427810261139626,False
zinc_223954234,CO[C@@H](C)CN[C@@H](C)CC1CCC1,-5.420513432126153,True
zinc_397249805,CC[C@H](C)CCN[C@H](COC)C1CC1,-5.277931533680099,True
